"id","source","target","mainStat"
5:d8df8010-334e-4fc6-b969-519394614559:8800,4:d8df8010-334e-4fc6-b969-519394614559:5097,4:d8df8010-334e-4fc6-b969-519394614559:5098,HAS_POSITION
5:d8df8010-334e-4fc6-b969-519394614559:8800,4:d8df8010-334e-4fc6-b969-519394614559:5097,4:d8df8010-334e-4fc6-b969-519394614559:5098,HAS_POSITION
5:d8df8010-334e-4fc6-b969-519394614559:6465,4:d8df8010-334e-4fc6-b969-519394614559:5098,4:d8df8010-334e-4fc6-b969-519394614559:5089,HAS_INFAVOR
5:d8df8010-334e-4fc6-b969-519394614559:8800,4:d8df8010-334e-4fc6-b969-519394614559:5097,4:d8df8010-334e-4fc6-b969-519394614559:5098,HAS_POSITION
5:d8df8010-334e-4fc6-b969-519394614559:6465,4:d8df8010-334e-4fc6-b969-519394614559:5098,4:d8df8010-334e-4fc6-b969-519394614559:5089,HAS_INFAVOR
5:d8df8010-334e-4fc6-b969-519394614559:6486,4:d8df8010-334e-4fc6-b969-519394614559:5090,4:d8df8010-334e-4fc6-b969-519394614559:5089,HAS_POST
5:d8df8010-334e-4fc6-b969-519394614559:8800,4:d8df8010-334e-4fc6-b969-519394614559:5097,4:d8df8010-334e-4fc6-b969-519394614559:5098,HAS_POSITION
5:d8df8010-334e-4fc6-b969-519394614559:6465,4:d8df8010-334e-4fc6-b969-519394614559:5098,4:d8df8010-334e-4fc6-b969-519394614559:5089,HAS_INFAVOR
5:d8df8010-334e-4fc6-b969-519394614559:8747,4:d8df8010-334e-4fc6-b969-519394614559:5089,4:d8df8010-334e-4fc6-b969-519394614559:4121,MENTION
5:d8df8010-334e-4fc6-b969-519394614559:8800,4:d8df8010-334e-4fc6-b969-519394614559:5097,4:d8df8010-334e-4fc6-b969-519394614559:5098,HAS_POSITION
5:d8df8010-334e-4fc6-b969-519394614559:6465,4:d8df8010-334e-4fc6-b969-519394614559:5098,4:d8df8010-334e-4fc6-b969-519394614559:5089,HAS_INFAVOR
5:d8df8010-334e-4fc6-b969-519394614559:8746,4:d8df8010-334e-4fc6-b969-519394614559:5089,4:d8df8010-334e-4fc6-b969-519394614559:2202,MENTION
5:d8df8010-334e-4fc6-b969-519394614559:8800,4:d8df8010-334e-4fc6-b969-519394614559:5097,4:d8df8010-334e-4fc6-b969-519394614559:5098,HAS_POSITION
5:d8df8010-334e-4fc6-b969-519394614559:6465,4:d8df8010-334e-4fc6-b969-519394614559:5098,4:d8df8010-334e-4fc6-b969-519394614559:5089,HAS_INFAVOR
5:d8df8010-334e-4fc6-b969-519394614559:8749,4:d8df8010-334e-4fc6-b969-519394614559:5089,4:d8df8010-334e-4fc6-b969-519394614559:4599,MENTION
5:d8df8010-334e-4fc6-b969-519394614559:8800,4:d8df8010-334e-4fc6-b969-519394614559:5097,4:d8df8010-334e-4fc6-b969-519394614559:5098,HAS_POSITION
5:d8df8010-334e-4fc6-b969-519394614559:6465,4:d8df8010-334e-4fc6-b969-519394614559:5098,4:d8df8010-334e-4fc6-b969-519394614559:5089,HAS_INFAVOR
5:d8df8010-334e-4fc6-b969-519394614559:8783,4:d8df8010-334e-4fc6-b969-519394614559:5089,4:d8df8010-334e-4fc6-b969-519394614559:4270,MENTION
5:d8df8010-334e-4fc6-b969-519394614559:8800,4:d8df8010-334e-4fc6-b969-519394614559:5097,4:d8df8010-334e-4fc6-b969-519394614559:5098,HAS_POSITION
5:d8df8010-334e-4fc6-b969-519394614559:6465,4:d8df8010-334e-4fc6-b969-519394614559:5098,4:d8df8010-334e-4fc6-b969-519394614559:5089,HAS_INFAVOR
5:d8df8010-334e-4fc6-b969-519394614559:8785,4:d8df8010-334e-4fc6-b969-519394614559:5089,4:d8df8010-334e-4fc6-b969-519394614559:5073,MENTION
5:d8df8010-334e-4fc6-b969-519394614559:8800,4:d8df8010-334e-4fc6-b969-519394614559:5097,4:d8df8010-334e-4fc6-b969-519394614559:5098,HAS_POSITION
5:d8df8010-334e-4fc6-b969-519394614559:6465,4:d8df8010-334e-4fc6-b969-519394614559:5098,4:d8df8010-334e-4fc6-b969-519394614559:5089,HAS_INFAVOR
5:d8df8010-334e-4fc6-b969-519394614559:8787,4:d8df8010-334e-4fc6-b969-519394614559:5089,4:d8df8010-334e-4fc6-b969-519394614559:5074,MENTION
5:d8df8010-334e-4fc6-b969-519394614559:8800,4:d8df8010-334e-4fc6-b969-519394614559:5097,4:d8df8010-334e-4fc6-b969-519394614559:5098,HAS_POSITION
5:d8df8010-334e-4fc6-b969-519394614559:8789,4:d8df8010-334e-4fc6-b969-519394614559:5098,4:d8df8010-334e-4fc6-b969-519394614559:5075,HAS_INFAVOR
5:d8df8010-334e-4fc6-b969-519394614559:8800,4:d8df8010-334e-4fc6-b969-519394614559:5097,4:d8df8010-334e-4fc6-b969-519394614559:5098,HAS_POSITION
5:d8df8010-334e-4fc6-b969-519394614559:8789,4:d8df8010-334e-4fc6-b969-519394614559:5098,4:d8df8010-334e-4fc6-b969-519394614559:5075,HAS_INFAVOR
5:d8df8010-334e-4fc6-b969-519394614559:8790,4:d8df8010-334e-4fc6-b969-519394614559:5090,4:d8df8010-334e-4fc6-b969-519394614559:5075,HAS_POST
5:d8df8010-334e-4fc6-b969-519394614559:8800,4:d8df8010-334e-4fc6-b969-519394614559:5097,4:d8df8010-334e-4fc6-b969-519394614559:5098,HAS_POSITION
5:d8df8010-334e-4fc6-b969-519394614559:8789,4:d8df8010-334e-4fc6-b969-519394614559:5098,4:d8df8010-334e-4fc6-b969-519394614559:5075,HAS_INFAVOR
5:d8df8010-334e-4fc6-b969-519394614559:8792,4:d8df8010-334e-4fc6-b969-519394614559:5075,4:d8df8010-334e-4fc6-b969-519394614559:5078,MENTION
5:d8df8010-334e-4fc6-b969-519394614559:8800,4:d8df8010-334e-4fc6-b969-519394614559:5097,4:d8df8010-334e-4fc6-b969-519394614559:5098,HAS_POSITION
5:d8df8010-334e-4fc6-b969-519394614559:8789,4:d8df8010-334e-4fc6-b969-519394614559:5098,4:d8df8010-334e-4fc6-b969-519394614559:5075,HAS_INFAVOR
5:d8df8010-334e-4fc6-b969-519394614559:8791,4:d8df8010-334e-4fc6-b969-519394614559:5075,4:d8df8010-334e-4fc6-b969-519394614559:5076,MENTION
5:d8df8010-334e-4fc6-b969-519394614559:8800,4:d8df8010-334e-4fc6-b969-519394614559:5097,4:d8df8010-334e-4fc6-b969-519394614559:5098,HAS_POSITION
5:d8df8010-334e-4fc6-b969-519394614559:8760,4:d8df8010-334e-4fc6-b969-519394614559:5098,4:d8df8010-334e-4fc6-b969-519394614559:5079,HAS_AGAINST
5:d8df8010-334e-4fc6-b969-519394614559:8800,4:d8df8010-334e-4fc6-b969-519394614559:5097,4:d8df8010-334e-4fc6-b969-519394614559:5098,HAS_POSITION
5:d8df8010-334e-4fc6-b969-519394614559:8766,4:d8df8010-334e-4fc6-b969-519394614559:5098,4:d8df8010-334e-4fc6-b969-519394614559:5082,HAS_INFAVOR
5:d8df8010-334e-4fc6-b969-519394614559:8800,4:d8df8010-334e-4fc6-b969-519394614559:5097,4:d8df8010-334e-4fc6-b969-519394614559:5098,HAS_POSITION
5:d8df8010-334e-4fc6-b969-519394614559:8766,4:d8df8010-334e-4fc6-b969-519394614559:5098,4:d8df8010-334e-4fc6-b969-519394614559:5082,HAS_INFAVOR
5:d8df8010-334e-4fc6-b969-519394614559:8774,4:d8df8010-334e-4fc6-b969-519394614559:5090,4:d8df8010-334e-4fc6-b969-519394614559:5082,HAS_POST
5:d8df8010-334e-4fc6-b969-519394614559:8800,4:d8df8010-334e-4fc6-b969-519394614559:5097,4:d8df8010-334e-4fc6-b969-519394614559:5098,HAS_POSITION
5:d8df8010-334e-4fc6-b969-519394614559:8766,4:d8df8010-334e-4fc6-b969-519394614559:5098,4:d8df8010-334e-4fc6-b969-519394614559:5082,HAS_INFAVOR
5:d8df8010-334e-4fc6-b969-519394614559:767,4:d8df8010-334e-4fc6-b969-519394614559:5082,4:d8df8010-334e-4fc6-b969-519394614559:5084,MENTION
5:d8df8010-334e-4fc6-b969-519394614559:8800,4:d8df8010-334e-4fc6-b969-519394614559:5097,4:d8df8010-334e-4fc6-b969-519394614559:5098,HAS_POSITION
5:d8df8010-334e-4fc6-b969-519394614559:8766,4:d8df8010-334e-4fc6-b969-519394614559:5098,4:d8df8010-334e-4fc6-b969-519394614559:5082,HAS_INFAVOR
5:d8df8010-334e-4fc6-b969-519394614559:8782,4:d8df8010-334e-4fc6-b969-519394614559:5082,4:d8df8010-334e-4fc6-b969-519394614559:5083,MENTION
5:d8df8010-334e-4fc6-b969-519394614559:8800,4:d8df8010-334e-4fc6-b969-519394614559:5097,4:d8df8010-334e-4fc6-b969-519394614559:5098,HAS_POSITION
5:d8df8010-334e-4fc6-b969-519394614559:8766,4:d8df8010-334e-4fc6-b969-519394614559:5098,4:d8df8010-334e-4fc6-b969-519394614559:5082,HAS_INFAVOR
5:d8df8010-334e-4fc6-b969-519394614559:979,4:d8df8010-334e-4fc6-b969-519394614559:5082,4:d8df8010-334e-4fc6-b969-519394614559:5086,MENTION
5:d8df8010-334e-4fc6-b969-519394614559:8800,4:d8df8010-334e-4fc6-b969-519394614559:5097,4:d8df8010-334e-4fc6-b969-519394614559:5098,HAS_POSITION
5:d8df8010-334e-4fc6-b969-519394614559:1414,4:d8df8010-334e-4fc6-b969-519394614559:5098,4:d8df8010-334e-4fc6-b969-519394614559:5096,HAS_INFAVOR
5:d8df8010-334e-4fc6-b969-519394614559:8800,4:d8df8010-334e-4fc6-b969-519394614559:5097,4:d8df8010-334e-4fc6-b969-519394614559:5098,HAS_POSITION
5:d8df8010-334e-4fc6-b969-519394614559:1414,4:d8df8010-334e-4fc6-b969-519394614559:5098,4:d8df8010-334e-4fc6-b969-519394614559:5096,HAS_INFAVOR
5:d8df8010-334e-4fc6-b969-519394614559:1418,4:d8df8010-334e-4fc6-b969-519394614559:5090,4:d8df8010-334e-4fc6-b969-519394614559:5096,HAS_POST
5:d8df8010-334e-4fc6-b969-519394614559:8800,4:d8df8010-334e-4fc6-b969-519394614559:5097,4:d8df8010-334e-4fc6-b969-519394614559:5098,HAS_POSITION
5:d8df8010-334e-4fc6-b969-519394614559:1414,4:d8df8010-334e-4fc6-b969-519394614559:5098,4:d8df8010-334e-4fc6-b969-519394614559:5096,HAS_INFAVOR
5:d8df8010-334e-4fc6-b969-519394614559:1496,4:d8df8010-334e-4fc6-b969-519394614559:5096,4:d8df8010-334e-4fc6-b969-519394614559:5065,MENTION
5:d8df8010-334e-4fc6-b969-519394614559:8800,4:d8df8010-334e-4fc6-b969-519394614559:5097,4:d8df8010-334e-4fc6-b969-519394614559:5098,HAS_POSITION
5:d8df8010-334e-4fc6-b969-519394614559:1414,4:d8df8010-334e-4fc6-b969-519394614559:5098,4:d8df8010-334e-4fc6-b969-519394614559:5096,HAS_INFAVOR
5:d8df8010-334e-4fc6-b969-519394614559:1497,4:d8df8010-334e-4fc6-b969-519394614559:5096,4:d8df8010-334e-4fc6-b969-519394614559:4121,MENTION
5:d8df8010-334e-4fc6-b969-519394614559:8800,4:d8df8010-334e-4fc6-b969-519394614559:5097,4:d8df8010-334e-4fc6-b969-519394614559:5098,HAS_POSITION
5:d8df8010-334e-4fc6-b969-519394614559:1414,4:d8df8010-334e-4fc6-b969-519394614559:5098,4:d8df8010-334e-4fc6-b969-519394614559:5096,HAS_INFAVOR
5:d8df8010-334e-4fc6-b969-519394614559:1988,4:d8df8010-334e-4fc6-b969-519394614559:5096,4:d8df8010-334e-4fc6-b969-519394614559:5077,MENTION
5:d8df8010-334e-4fc6-b969-519394614559:8800,4:d8df8010-334e-4fc6-b969-519394614559:5097,4:d8df8010-334e-4fc6-b969-519394614559:5098,HAS_POSITION
5:d8df8010-334e-4fc6-b969-519394614559:2571,4:d8df8010-334e-4fc6-b969-519394614559:5098,4:d8df8010-334e-4fc6-b969-519394614559:5080,HAS_AGAINST
5:d8df8010-334e-4fc6-b969-519394614559:8800,4:d8df8010-334e-4fc6-b969-519394614559:5097,4:d8df8010-334e-4fc6-b969-519394614559:5098,HAS_POSITION
5:d8df8010-334e-4fc6-b969-519394614559:2571,4:d8df8010-334e-4fc6-b969-519394614559:5098,4:d8df8010-334e-4fc6-b969-519394614559:5080,HAS_AGAINST
5:d8df8010-334e-4fc6-b969-519394614559:2623,4:d8df8010-334e-4fc6-b969-519394614559:5081,4:d8df8010-334e-4fc6-b969-519394614559:5080,HAS_POST
5:d8df8010-334e-4fc6-b969-519394614559:8800,4:d8df8010-334e-4fc6-b969-519394614559:5097,4:d8df8010-334e-4fc6-b969-519394614559:5098,HAS_POSITION
5:d8df8010-334e-4fc6-b969-519394614559:2571,4:d8df8010-334e-4fc6-b969-519394614559:5098,4:d8df8010-334e-4fc6-b969-519394614559:5080,HAS_AGAINST
5:d8df8010-334e-4fc6-b969-519394614559:5946,4:d8df8010-334e-4fc6-b969-519394614559:5080,4:d8df8010-334e-4fc6-b969-519394614559:5047,MENTION
5:d8df8010-334e-4fc6-b969-519394614559:8800,4:d8df8010-334e-4fc6-b969-519394614559:5097,4:d8df8010-334e-4fc6-b969-519394614559:5098,HAS_POSITION
5:d8df8010-334e-4fc6-b969-519394614559:2571,4:d8df8010-334e-4fc6-b969-519394614559:5098,4:d8df8010-334e-4fc6-b969-519394614559:5080,HAS_AGAINST
5:d8df8010-334e-4fc6-b969-519394614559:6045,4:d8df8010-334e-4fc6-b969-519394614559:5080,4:d8df8010-334e-4fc6-b969-519394614559:5048,MENTION
5:d8df8010-334e-4fc6-b969-519394614559:8800,4:d8df8010-334e-4fc6-b969-519394614559:5097,4:d8df8010-334e-4fc6-b969-519394614559:5098,HAS_POSITION
5:d8df8010-334e-4fc6-b969-519394614559:2571,4:d8df8010-334e-4fc6-b969-519394614559:5098,4:d8df8010-334e-4fc6-b969-519394614559:5080,HAS_AGAINST
5:d8df8010-334e-4fc6-b969-519394614559:6242,4:d8df8010-334e-4fc6-b969-519394614559:5080,4:d8df8010-334e-4fc6-b969-519394614559:5073,MENTION
5:d8df8010-334e-4fc6-b969-519394614559:8800,4:d8df8010-334e-4fc6-b969-519394614559:5097,4:d8df8010-334e-4fc6-b969-519394614559:5098,HAS_POSITION
5:d8df8010-334e-4fc6-b969-519394614559:2571,4:d8df8010-334e-4fc6-b969-519394614559:5098,4:d8df8010-334e-4fc6-b969-519394614559:5080,HAS_AGAINST
5:d8df8010-334e-4fc6-b969-519394614559:6269,4:d8df8010-334e-4fc6-b969-519394614559:5080,4:d8df8010-334e-4fc6-b969-519394614559:5049,MENTION
5:d8df8010-334e-4fc6-b969-519394614559:8800,4:d8df8010-334e-4fc6-b969-519394614559:5097,4:d8df8010-334e-4fc6-b969-519394614559:5098,HAS_POSITION
5:d8df8010-334e-4fc6-b969-519394614559:2571,4:d8df8010-334e-4fc6-b969-519394614559:5098,4:d8df8010-334e-4fc6-b969-519394614559:5080,HAS_AGAINST
5:d8df8010-334e-4fc6-b969-519394614559:6270,4:d8df8010-334e-4fc6-b969-519394614559:5080,4:d8df8010-334e-4fc6-b969-519394614559:5050,MENTION
5:d8df8010-334e-4fc6-b969-519394614559:8800,4:d8df8010-334e-4fc6-b969-519394614559:5097,4:d8df8010-334e-4fc6-b969-519394614559:5098,HAS_POSITION
5:d8df8010-334e-4fc6-b969-519394614559:2571,4:d8df8010-334e-4fc6-b969-519394614559:5098,4:d8df8010-334e-4fc6-b969-519394614559:5080,HAS_AGAINST
5:d8df8010-334e-4fc6-b969-519394614559:6282,4:d8df8010-334e-4fc6-b969-519394614559:5080,4:d8df8010-334e-4fc6-b969-519394614559:5051,MENTION
5:d8df8010-334e-4fc6-b969-519394614559:8800,4:d8df8010-334e-4fc6-b969-519394614559:5097,4:d8df8010-334e-4fc6-b969-519394614559:5098,HAS_POSITION
5:d8df8010-334e-4fc6-b969-519394614559:6286,4:d8df8010-334e-4fc6-b969-519394614559:5098,4:d8df8010-334e-4fc6-b969-519394614559:5052,HAS_AGAINST
5:d8df8010-334e-4fc6-b969-519394614559:8800,4:d8df8010-334e-4fc6-b969-519394614559:5097,4:d8df8010-334e-4fc6-b969-519394614559:5098,HAS_POSITION
5:d8df8010-334e-4fc6-b969-519394614559:6286,4:d8df8010-334e-4fc6-b969-519394614559:5098,4:d8df8010-334e-4fc6-b969-519394614559:5052,HAS_AGAINST
5:d8df8010-334e-4fc6-b969-519394614559:6293,4:d8df8010-334e-4fc6-b969-519394614559:5081,4:d8df8010-334e-4fc6-b969-519394614559:5052,HAS_POST
5:d8df8010-334e-4fc6-b969-519394614559:8800,4:d8df8010-334e-4fc6-b969-519394614559:5097,4:d8df8010-334e-4fc6-b969-519394614559:5098,HAS_POSITION
5:d8df8010-334e-4fc6-b969-519394614559:6286,4:d8df8010-334e-4fc6-b969-519394614559:5098,4:d8df8010-334e-4fc6-b969-519394614559:5052,HAS_AGAINST
5:d8df8010-334e-4fc6-b969-519394614559:6312,4:d8df8010-334e-4fc6-b969-519394614559:5052,4:d8df8010-334e-4fc6-b969-519394614559:5053,MENTION
5:d8df8010-334e-4fc6-b969-519394614559:8800,4:d8df8010-334e-4fc6-b969-519394614559:5097,4:d8df8010-334e-4fc6-b969-519394614559:5098,HAS_POSITION
5:d8df8010-334e-4fc6-b969-519394614559:6286,4:d8df8010-334e-4fc6-b969-519394614559:5098,4:d8df8010-334e-4fc6-b969-519394614559:5052,HAS_AGAINST
5:d8df8010-334e-4fc6-b969-519394614559:6311,4:d8df8010-334e-4fc6-b969-519394614559:5052,4:d8df8010-334e-4fc6-b969-519394614559:5065,MENTION
5:d8df8010-334e-4fc6-b969-519394614559:8800,4:d8df8010-334e-4fc6-b969-519394614559:5097,4:d8df8010-334e-4fc6-b969-519394614559:5098,HAS_POSITION
5:d8df8010-334e-4fc6-b969-519394614559:6286,4:d8df8010-334e-4fc6-b969-519394614559:5098,4:d8df8010-334e-4fc6-b969-519394614559:5052,HAS_AGAINST
5:d8df8010-334e-4fc6-b969-519394614559:6394,4:d8df8010-334e-4fc6-b969-519394614559:5052,4:d8df8010-334e-4fc6-b969-519394614559:1906,MENTION
5:d8df8010-334e-4fc6-b969-519394614559:8800,4:d8df8010-334e-4fc6-b969-519394614559:5097,4:d8df8010-334e-4fc6-b969-519394614559:5098,HAS_POSITION
5:d8df8010-334e-4fc6-b969-519394614559:6286,4:d8df8010-334e-4fc6-b969-519394614559:5098,4:d8df8010-334e-4fc6-b969-519394614559:5052,HAS_AGAINST
5:d8df8010-334e-4fc6-b969-519394614559:6460,4:d8df8010-334e-4fc6-b969-519394614559:5052,4:d8df8010-334e-4fc6-b969-519394614559:5054,MENTION
5:d8df8010-334e-4fc6-b969-519394614559:8800,4:d8df8010-334e-4fc6-b969-519394614559:5097,4:d8df8010-334e-4fc6-b969-519394614559:5098,HAS_POSITION
5:d8df8010-334e-4fc6-b969-519394614559:6286,4:d8df8010-334e-4fc6-b969-519394614559:5098,4:d8df8010-334e-4fc6-b969-519394614559:5052,HAS_AGAINST
5:d8df8010-334e-4fc6-b969-519394614559:6466,4:d8df8010-334e-4fc6-b969-519394614559:5052,4:d8df8010-334e-4fc6-b969-519394614559:5055,MENTION
5:d8df8010-334e-4fc6-b969-519394614559:8800,4:d8df8010-334e-4fc6-b969-519394614559:5097,4:d8df8010-334e-4fc6-b969-519394614559:5098,HAS_POSITION
5:d8df8010-334e-4fc6-b969-519394614559:6286,4:d8df8010-334e-4fc6-b969-519394614559:5098,4:d8df8010-334e-4fc6-b969-519394614559:5052,HAS_AGAINST
5:d8df8010-334e-4fc6-b969-519394614559:6598,4:d8df8010-334e-4fc6-b969-519394614559:5052,4:d8df8010-334e-4fc6-b969-519394614559:5056,MENTION
5:d8df8010-334e-4fc6-b969-519394614559:8800,4:d8df8010-334e-4fc6-b969-519394614559:5097,4:d8df8010-334e-4fc6-b969-519394614559:5098,HAS_POSITION
5:d8df8010-334e-4fc6-b969-519394614559:6286,4:d8df8010-334e-4fc6-b969-519394614559:5098,4:d8df8010-334e-4fc6-b969-519394614559:5052,HAS_AGAINST
5:d8df8010-334e-4fc6-b969-519394614559:6626,4:d8df8010-334e-4fc6-b969-519394614559:5052,4:d8df8010-334e-4fc6-b969-519394614559:1539,MENTION
5:d8df8010-334e-4fc6-b969-519394614559:8800,4:d8df8010-334e-4fc6-b969-519394614559:5097,4:d8df8010-334e-4fc6-b969-519394614559:5098,HAS_POSITION
5:d8df8010-334e-4fc6-b969-519394614559:6286,4:d8df8010-334e-4fc6-b969-519394614559:5098,4:d8df8010-334e-4fc6-b969-519394614559:5052,HAS_AGAINST
5:d8df8010-334e-4fc6-b969-519394614559:6649,4:d8df8010-334e-4fc6-b969-519394614559:5052,4:d8df8010-334e-4fc6-b969-519394614559:5057,MENTION
5:d8df8010-334e-4fc6-b969-519394614559:8800,4:d8df8010-334e-4fc6-b969-519394614559:5097,4:d8df8010-334e-4fc6-b969-519394614559:5098,HAS_POSITION
5:d8df8010-334e-4fc6-b969-519394614559:6286,4:d8df8010-334e-4fc6-b969-519394614559:5098,4:d8df8010-334e-4fc6-b969-519394614559:5052,HAS_AGAINST
5:d8df8010-334e-4fc6-b969-519394614559:6645,4:d8df8010-334e-4fc6-b969-519394614559:5052,4:d8df8010-334e-4fc6-b969-519394614559:4879,MENTION
5:d8df8010-334e-4fc6-b969-519394614559:8800,4:d8df8010-334e-4fc6-b969-519394614559:5097,4:d8df8010-334e-4fc6-b969-519394614559:5098,HAS_POSITION
5:d8df8010-334e-4fc6-b969-519394614559:6286,4:d8df8010-334e-4fc6-b969-519394614559:5098,4:d8df8010-334e-4fc6-b969-519394614559:5052,HAS_AGAINST
5:d8df8010-334e-4fc6-b969-519394614559:6657,4:d8df8010-334e-4fc6-b969-519394614559:5052,4:d8df8010-334e-4fc6-b969-519394614559:5058,MENTION
5:d8df8010-334e-4fc6-b969-519394614559:8800,4:d8df8010-334e-4fc6-b969-519394614559:5097,4:d8df8010-334e-4fc6-b969-519394614559:5098,HAS_POSITION
5:d8df8010-334e-4fc6-b969-519394614559:6286,4:d8df8010-334e-4fc6-b969-519394614559:5098,4:d8df8010-334e-4fc6-b969-519394614559:5052,HAS_AGAINST
5:d8df8010-334e-4fc6-b969-519394614559:6693,4:d8df8010-334e-4fc6-b969-519394614559:5052,4:d8df8010-334e-4fc6-b969-519394614559:440,MENTION
5:d8df8010-334e-4fc6-b969-519394614559:8800,4:d8df8010-334e-4fc6-b969-519394614559:5097,4:d8df8010-334e-4fc6-b969-519394614559:5098,HAS_POSITION
5:d8df8010-334e-4fc6-b969-519394614559:6286,4:d8df8010-334e-4fc6-b969-519394614559:5098,4:d8df8010-334e-4fc6-b969-519394614559:5052,HAS_AGAINST
5:d8df8010-334e-4fc6-b969-519394614559:6692,4:d8df8010-334e-4fc6-b969-519394614559:5052,4:d8df8010-334e-4fc6-b969-519394614559:5059,MENTION
5:d8df8010-334e-4fc6-b969-519394614559:8800,4:d8df8010-334e-4fc6-b969-519394614559:5097,4:d8df8010-334e-4fc6-b969-519394614559:5098,HAS_POSITION
5:d8df8010-334e-4fc6-b969-519394614559:6286,4:d8df8010-334e-4fc6-b969-519394614559:5098,4:d8df8010-334e-4fc6-b969-519394614559:5052,HAS_AGAINST
5:d8df8010-334e-4fc6-b969-519394614559:6695,4:d8df8010-334e-4fc6-b969-519394614559:5052,4:d8df8010-334e-4fc6-b969-519394614559:2442,MENTION
5:d8df8010-334e-4fc6-b969-519394614559:8800,4:d8df8010-334e-4fc6-b969-519394614559:5097,4:d8df8010-334e-4fc6-b969-519394614559:5098,HAS_POSITION
5:d8df8010-334e-4fc6-b969-519394614559:6286,4:d8df8010-334e-4fc6-b969-519394614559:5098,4:d8df8010-334e-4fc6-b969-519394614559:5052,HAS_AGAINST
5:d8df8010-334e-4fc6-b969-519394614559:6713,4:d8df8010-334e-4fc6-b969-519394614559:5052,4:d8df8010-334e-4fc6-b969-519394614559:5060,MENTION
5:d8df8010-334e-4fc6-b969-519394614559:8800,4:d8df8010-334e-4fc6-b969-519394614559:5097,4:d8df8010-334e-4fc6-b969-519394614559:5098,HAS_POSITION
5:d8df8010-334e-4fc6-b969-519394614559:6725,4:d8df8010-334e-4fc6-b969-519394614559:5098,4:d8df8010-334e-4fc6-b969-519394614559:5061,HAS_INFAVOR
5:d8df8010-334e-4fc6-b969-519394614559:8800,4:d8df8010-334e-4fc6-b969-519394614559:5097,4:d8df8010-334e-4fc6-b969-519394614559:5098,HAS_POSITION
5:d8df8010-334e-4fc6-b969-519394614559:6725,4:d8df8010-334e-4fc6-b969-519394614559:5098,4:d8df8010-334e-4fc6-b969-519394614559:5061,HAS_INFAVOR
5:d8df8010-334e-4fc6-b969-519394614559:6726,4:d8df8010-334e-4fc6-b969-519394614559:5090,4:d8df8010-334e-4fc6-b969-519394614559:5061,HAS_POST
5:d8df8010-334e-4fc6-b969-519394614559:8800,4:d8df8010-334e-4fc6-b969-519394614559:5097,4:d8df8010-334e-4fc6-b969-519394614559:5098,HAS_POSITION
5:d8df8010-334e-4fc6-b969-519394614559:6725,4:d8df8010-334e-4fc6-b969-519394614559:5098,4:d8df8010-334e-4fc6-b969-519394614559:5061,HAS_INFAVOR
5:d8df8010-334e-4fc6-b969-519394614559:6728,4:d8df8010-334e-4fc6-b969-519394614559:5061,4:d8df8010-334e-4fc6-b969-519394614559:5065,MENTION
5:d8df8010-334e-4fc6-b969-519394614559:8800,4:d8df8010-334e-4fc6-b969-519394614559:5097,4:d8df8010-334e-4fc6-b969-519394614559:5098,HAS_POSITION
5:d8df8010-334e-4fc6-b969-519394614559:6725,4:d8df8010-334e-4fc6-b969-519394614559:5098,4:d8df8010-334e-4fc6-b969-519394614559:5061,HAS_INFAVOR
5:d8df8010-334e-4fc6-b969-519394614559:6727,4:d8df8010-334e-4fc6-b969-519394614559:5061,4:d8df8010-334e-4fc6-b969-519394614559:4477,MENTION
5:d8df8010-334e-4fc6-b969-519394614559:8800,4:d8df8010-334e-4fc6-b969-519394614559:5097,4:d8df8010-334e-4fc6-b969-519394614559:5098,HAS_POSITION
5:d8df8010-334e-4fc6-b969-519394614559:6725,4:d8df8010-334e-4fc6-b969-519394614559:5098,4:d8df8010-334e-4fc6-b969-519394614559:5061,HAS_INFAVOR
5:d8df8010-334e-4fc6-b969-519394614559:6768,4:d8df8010-334e-4fc6-b969-519394614559:5061,4:d8df8010-334e-4fc6-b969-519394614559:5062,MENTION
5:d8df8010-334e-4fc6-b969-519394614559:8800,4:d8df8010-334e-4fc6-b969-519394614559:5097,4:d8df8010-334e-4fc6-b969-519394614559:5098,HAS_POSITION
5:d8df8010-334e-4fc6-b969-519394614559:6725,4:d8df8010-334e-4fc6-b969-519394614559:5098,4:d8df8010-334e-4fc6-b969-519394614559:5061,HAS_INFAVOR
5:d8df8010-334e-4fc6-b969-519394614559:6773,4:d8df8010-334e-4fc6-b969-519394614559:5061,4:d8df8010-334e-4fc6-b969-519394614559:5063,MENTION
5:d8df8010-334e-4fc6-b969-519394614559:8800,4:d8df8010-334e-4fc6-b969-519394614559:5097,4:d8df8010-334e-4fc6-b969-519394614559:5098,HAS_POSITION
5:d8df8010-334e-4fc6-b969-519394614559:6725,4:d8df8010-334e-4fc6-b969-519394614559:5098,4:d8df8010-334e-4fc6-b969-519394614559:5061,HAS_INFAVOR
5:d8df8010-334e-4fc6-b969-519394614559:6801,4:d8df8010-334e-4fc6-b969-519394614559:5061,4:d8df8010-334e-4fc6-b969-519394614559:1894,MENTION
5:d8df8010-334e-4fc6-b969-519394614559:8800,4:d8df8010-334e-4fc6-b969-519394614559:5097,4:d8df8010-334e-4fc6-b969-519394614559:5098,HAS_POSITION
5:d8df8010-334e-4fc6-b969-519394614559:6725,4:d8df8010-334e-4fc6-b969-519394614559:5098,4:d8df8010-334e-4fc6-b969-519394614559:5061,HAS_INFAVOR
5:d8df8010-334e-4fc6-b969-519394614559:7088,4:d8df8010-334e-4fc6-b969-519394614559:5061,4:d8df8010-334e-4fc6-b969-519394614559:5073,MENTION
5:d8df8010-334e-4fc6-b969-519394614559:8800,4:d8df8010-334e-4fc6-b969-519394614559:5097,4:d8df8010-334e-4fc6-b969-519394614559:5098,HAS_POSITION
5:d8df8010-334e-4fc6-b969-519394614559:6725,4:d8df8010-334e-4fc6-b969-519394614559:5098,4:d8df8010-334e-4fc6-b969-519394614559:5061,HAS_INFAVOR
5:d8df8010-334e-4fc6-b969-519394614559:7089,4:d8df8010-334e-4fc6-b969-519394614559:5061,4:d8df8010-334e-4fc6-b969-519394614559:236,MENTION
5:d8df8010-334e-4fc6-b969-519394614559:8800,4:d8df8010-334e-4fc6-b969-519394614559:5097,4:d8df8010-334e-4fc6-b969-519394614559:5098,HAS_POSITION
5:d8df8010-334e-4fc6-b969-519394614559:6725,4:d8df8010-334e-4fc6-b969-519394614559:5098,4:d8df8010-334e-4fc6-b969-519394614559:5061,HAS_INFAVOR
5:d8df8010-334e-4fc6-b969-519394614559:7180,4:d8df8010-334e-4fc6-b969-519394614559:5061,4:d8df8010-334e-4fc6-b969-519394614559:5064,MENTION
5:d8df8010-334e-4fc6-b969-519394614559:8800,4:d8df8010-334e-4fc6-b969-519394614559:5097,4:d8df8010-334e-4fc6-b969-519394614559:5098,HAS_POSITION
5:d8df8010-334e-4fc6-b969-519394614559:7266,4:d8df8010-334e-4fc6-b969-519394614559:5098,4:d8df8010-334e-4fc6-b969-519394614559:5039,HAS_INFAVOR
5:d8df8010-334e-4fc6-b969-519394614559:8800,4:d8df8010-334e-4fc6-b969-519394614559:5097,4:d8df8010-334e-4fc6-b969-519394614559:5098,HAS_POSITION
5:d8df8010-334e-4fc6-b969-519394614559:7266,4:d8df8010-334e-4fc6-b969-519394614559:5098,4:d8df8010-334e-4fc6-b969-519394614559:5039,HAS_INFAVOR
5:d8df8010-334e-4fc6-b969-519394614559:7267,4:d8df8010-334e-4fc6-b969-519394614559:5090,4:d8df8010-334e-4fc6-b969-519394614559:5039,HAS_POST
5:d8df8010-334e-4fc6-b969-519394614559:8800,4:d8df8010-334e-4fc6-b969-519394614559:5097,4:d8df8010-334e-4fc6-b969-519394614559:5098,HAS_POSITION
5:d8df8010-334e-4fc6-b969-519394614559:7266,4:d8df8010-334e-4fc6-b969-519394614559:5098,4:d8df8010-334e-4fc6-b969-519394614559:5039,HAS_INFAVOR
5:d8df8010-334e-4fc6-b969-519394614559:7540,4:d8df8010-334e-4fc6-b969-519394614559:5039,4:d8df8010-334e-4fc6-b969-519394614559:5112,MENTION
5:d8df8010-334e-4fc6-b969-519394614559:8800,4:d8df8010-334e-4fc6-b969-519394614559:5097,4:d8df8010-334e-4fc6-b969-519394614559:5098,HAS_POSITION
5:d8df8010-334e-4fc6-b969-519394614559:7266,4:d8df8010-334e-4fc6-b969-519394614559:5098,4:d8df8010-334e-4fc6-b969-519394614559:5039,HAS_INFAVOR
5:d8df8010-334e-4fc6-b969-519394614559:7542,4:d8df8010-334e-4fc6-b969-519394614559:5039,4:d8df8010-334e-4fc6-b969-519394614559:5113,MENTION
5:d8df8010-334e-4fc6-b969-519394614559:8800,4:d8df8010-334e-4fc6-b969-519394614559:5097,4:d8df8010-334e-4fc6-b969-519394614559:5098,HAS_POSITION
5:d8df8010-334e-4fc6-b969-519394614559:7266,4:d8df8010-334e-4fc6-b969-519394614559:5098,4:d8df8010-334e-4fc6-b969-519394614559:5039,HAS_INFAVOR
5:d8df8010-334e-4fc6-b969-519394614559:7615,4:d8df8010-334e-4fc6-b969-519394614559:5039,4:d8df8010-334e-4fc6-b969-519394614559:4477,MENTION
5:d8df8010-334e-4fc6-b969-519394614559:8800,4:d8df8010-334e-4fc6-b969-519394614559:5097,4:d8df8010-334e-4fc6-b969-519394614559:5098,HAS_POSITION
5:d8df8010-334e-4fc6-b969-519394614559:7266,4:d8df8010-334e-4fc6-b969-519394614559:5098,4:d8df8010-334e-4fc6-b969-519394614559:5039,HAS_INFAVOR
5:d8df8010-334e-4fc6-b969-519394614559:7617,4:d8df8010-334e-4fc6-b969-519394614559:5039,4:d8df8010-334e-4fc6-b969-519394614559:5114,MENTION
5:d8df8010-334e-4fc6-b969-519394614559:8800,4:d8df8010-334e-4fc6-b969-519394614559:5097,4:d8df8010-334e-4fc6-b969-519394614559:5098,HAS_POSITION
5:d8df8010-334e-4fc6-b969-519394614559:7266,4:d8df8010-334e-4fc6-b969-519394614559:5098,4:d8df8010-334e-4fc6-b969-519394614559:5039,HAS_INFAVOR
5:d8df8010-334e-4fc6-b969-519394614559:7659,4:d8df8010-334e-4fc6-b969-519394614559:5039,4:d8df8010-334e-4fc6-b969-519394614559:5115,MENTION
5:d8df8010-334e-4fc6-b969-519394614559:8800,4:d8df8010-334e-4fc6-b969-519394614559:5097,4:d8df8010-334e-4fc6-b969-519394614559:5098,HAS_POSITION
5:d8df8010-334e-4fc6-b969-519394614559:7266,4:d8df8010-334e-4fc6-b969-519394614559:5098,4:d8df8010-334e-4fc6-b969-519394614559:5039,HAS_INFAVOR
5:d8df8010-334e-4fc6-b969-519394614559:7707,4:d8df8010-334e-4fc6-b969-519394614559:5039,4:d8df8010-334e-4fc6-b969-519394614559:5117,MENTION
5:d8df8010-334e-4fc6-b969-519394614559:8800,4:d8df8010-334e-4fc6-b969-519394614559:5097,4:d8df8010-334e-4fc6-b969-519394614559:5098,HAS_POSITION
5:d8df8010-334e-4fc6-b969-519394614559:7266,4:d8df8010-334e-4fc6-b969-519394614559:5098,4:d8df8010-334e-4fc6-b969-519394614559:5039,HAS_INFAVOR
5:d8df8010-334e-4fc6-b969-519394614559:7701,4:d8df8010-334e-4fc6-b969-519394614559:5039,4:d8df8010-334e-4fc6-b969-519394614559:5116,MENTION
5:d8df8010-334e-4fc6-b969-519394614559:8800,4:d8df8010-334e-4fc6-b969-519394614559:5097,4:d8df8010-334e-4fc6-b969-519394614559:5098,HAS_POSITION
5:d8df8010-334e-4fc6-b969-519394614559:7266,4:d8df8010-334e-4fc6-b969-519394614559:5098,4:d8df8010-334e-4fc6-b969-519394614559:5039,HAS_INFAVOR
5:d8df8010-334e-4fc6-b969-519394614559:7757,4:d8df8010-334e-4fc6-b969-519394614559:5039,4:d8df8010-334e-4fc6-b969-519394614559:5118,MENTION
5:d8df8010-334e-4fc6-b969-519394614559:8800,4:d8df8010-334e-4fc6-b969-519394614559:5097,4:d8df8010-334e-4fc6-b969-519394614559:5098,HAS_POSITION
5:d8df8010-334e-4fc6-b969-519394614559:7266,4:d8df8010-334e-4fc6-b969-519394614559:5098,4:d8df8010-334e-4fc6-b969-519394614559:5039,HAS_INFAVOR
5:d8df8010-334e-4fc6-b969-519394614559:7804,4:d8df8010-334e-4fc6-b969-519394614559:5039,4:d8df8010-334e-4fc6-b969-519394614559:5120,MENTION
5:d8df8010-334e-4fc6-b969-519394614559:8800,4:d8df8010-334e-4fc6-b969-519394614559:5097,4:d8df8010-334e-4fc6-b969-519394614559:5098,HAS_POSITION
5:d8df8010-334e-4fc6-b969-519394614559:7266,4:d8df8010-334e-4fc6-b969-519394614559:5098,4:d8df8010-334e-4fc6-b969-519394614559:5039,HAS_INFAVOR
5:d8df8010-334e-4fc6-b969-519394614559:7791,4:d8df8010-334e-4fc6-b969-519394614559:5039,4:d8df8010-334e-4fc6-b969-519394614559:5119,MENTION
5:d8df8010-334e-4fc6-b969-519394614559:8800,4:d8df8010-334e-4fc6-b969-519394614559:5097,4:d8df8010-334e-4fc6-b969-519394614559:5098,HAS_POSITION
5:d8df8010-334e-4fc6-b969-519394614559:7266,4:d8df8010-334e-4fc6-b969-519394614559:5098,4:d8df8010-334e-4fc6-b969-519394614559:5039,HAS_INFAVOR
5:d8df8010-334e-4fc6-b969-519394614559:7913,4:d8df8010-334e-4fc6-b969-519394614559:5039,4:d8df8010-334e-4fc6-b969-519394614559:5065,MENTION
5:d8df8010-334e-4fc6-b969-519394614559:8800,4:d8df8010-334e-4fc6-b969-519394614559:5097,4:d8df8010-334e-4fc6-b969-519394614559:5098,HAS_POSITION
5:d8df8010-334e-4fc6-b969-519394614559:7266,4:d8df8010-334e-4fc6-b969-519394614559:5098,4:d8df8010-334e-4fc6-b969-519394614559:5039,HAS_INFAVOR
5:d8df8010-334e-4fc6-b969-519394614559:7915,4:d8df8010-334e-4fc6-b969-519394614559:5039,4:d8df8010-334e-4fc6-b969-519394614559:5121,MENTION
5:d8df8010-334e-4fc6-b969-519394614559:8800,4:d8df8010-334e-4fc6-b969-519394614559:5097,4:d8df8010-334e-4fc6-b969-519394614559:5098,HAS_POSITION
5:d8df8010-334e-4fc6-b969-519394614559:8023,4:d8df8010-334e-4fc6-b969-519394614559:5098,4:d8df8010-334e-4fc6-b969-519394614559:5122,HAS_INFAVOR
5:d8df8010-334e-4fc6-b969-519394614559:8800,4:d8df8010-334e-4fc6-b969-519394614559:5097,4:d8df8010-334e-4fc6-b969-519394614559:5098,HAS_POSITION
5:d8df8010-334e-4fc6-b969-519394614559:8023,4:d8df8010-334e-4fc6-b969-519394614559:5098,4:d8df8010-334e-4fc6-b969-519394614559:5122,HAS_INFAVOR
5:d8df8010-334e-4fc6-b969-519394614559:8025,4:d8df8010-334e-4fc6-b969-519394614559:5090,4:d8df8010-334e-4fc6-b969-519394614559:5122,HAS_POST
5:d8df8010-334e-4fc6-b969-519394614559:8800,4:d8df8010-334e-4fc6-b969-519394614559:5097,4:d8df8010-334e-4fc6-b969-519394614559:5098,HAS_POSITION
5:d8df8010-334e-4fc6-b969-519394614559:8023,4:d8df8010-334e-4fc6-b969-519394614559:5098,4:d8df8010-334e-4fc6-b969-519394614559:5122,HAS_INFAVOR
5:d8df8010-334e-4fc6-b969-519394614559:8039,4:d8df8010-334e-4fc6-b969-519394614559:5122,4:d8df8010-334e-4fc6-b969-519394614559:3914,MENTION
5:d8df8010-334e-4fc6-b969-519394614559:8800,4:d8df8010-334e-4fc6-b969-519394614559:5097,4:d8df8010-334e-4fc6-b969-519394614559:5098,HAS_POSITION
5:d8df8010-334e-4fc6-b969-519394614559:8023,4:d8df8010-334e-4fc6-b969-519394614559:5098,4:d8df8010-334e-4fc6-b969-519394614559:5122,HAS_INFAVOR
5:d8df8010-334e-4fc6-b969-519394614559:8027,4:d8df8010-334e-4fc6-b969-519394614559:5122,4:d8df8010-334e-4fc6-b969-519394614559:4643,MENTION
5:d8df8010-334e-4fc6-b969-519394614559:8800,4:d8df8010-334e-4fc6-b969-519394614559:5097,4:d8df8010-334e-4fc6-b969-519394614559:5098,HAS_POSITION
5:d8df8010-334e-4fc6-b969-519394614559:8023,4:d8df8010-334e-4fc6-b969-519394614559:5098,4:d8df8010-334e-4fc6-b969-519394614559:5122,HAS_INFAVOR
5:d8df8010-334e-4fc6-b969-519394614559:8042,4:d8df8010-334e-4fc6-b969-519394614559:5122,4:d8df8010-334e-4fc6-b969-519394614559:3106,MENTION
5:d8df8010-334e-4fc6-b969-519394614559:8800,4:d8df8010-334e-4fc6-b969-519394614559:5097,4:d8df8010-334e-4fc6-b969-519394614559:5098,HAS_POSITION
5:d8df8010-334e-4fc6-b969-519394614559:8023,4:d8df8010-334e-4fc6-b969-519394614559:5098,4:d8df8010-334e-4fc6-b969-519394614559:5122,HAS_INFAVOR
5:d8df8010-334e-4fc6-b969-519394614559:8231,4:d8df8010-334e-4fc6-b969-519394614559:5122,4:d8df8010-334e-4fc6-b969-519394614559:5065,MENTION
5:d8df8010-334e-4fc6-b969-519394614559:8800,4:d8df8010-334e-4fc6-b969-519394614559:5097,4:d8df8010-334e-4fc6-b969-519394614559:5098,HAS_POSITION
5:d8df8010-334e-4fc6-b969-519394614559:8023,4:d8df8010-334e-4fc6-b969-519394614559:5098,4:d8df8010-334e-4fc6-b969-519394614559:5122,HAS_INFAVOR
5:d8df8010-334e-4fc6-b969-519394614559:8248,4:d8df8010-334e-4fc6-b969-519394614559:5122,4:d8df8010-334e-4fc6-b969-519394614559:5123,MENTION
5:d8df8010-334e-4fc6-b969-519394614559:8800,4:d8df8010-334e-4fc6-b969-519394614559:5097,4:d8df8010-334e-4fc6-b969-519394614559:5098,HAS_POSITION
5:d8df8010-334e-4fc6-b969-519394614559:8023,4:d8df8010-334e-4fc6-b969-519394614559:5098,4:d8df8010-334e-4fc6-b969-519394614559:5122,HAS_INFAVOR
5:d8df8010-334e-4fc6-b969-519394614559:8273,4:d8df8010-334e-4fc6-b969-519394614559:5122,4:d8df8010-334e-4fc6-b969-519394614559:5124,MENTION
5:d8df8010-334e-4fc6-b969-519394614559:8800,4:d8df8010-334e-4fc6-b969-519394614559:5097,4:d8df8010-334e-4fc6-b969-519394614559:5098,HAS_POSITION
5:d8df8010-334e-4fc6-b969-519394614559:8023,4:d8df8010-334e-4fc6-b969-519394614559:5098,4:d8df8010-334e-4fc6-b969-519394614559:5122,HAS_INFAVOR
5:d8df8010-334e-4fc6-b969-519394614559:8277,4:d8df8010-334e-4fc6-b969-519394614559:5122,4:d8df8010-334e-4fc6-b969-519394614559:5125,MENTION
5:d8df8010-334e-4fc6-b969-519394614559:8800,4:d8df8010-334e-4fc6-b969-519394614559:5097,4:d8df8010-334e-4fc6-b969-519394614559:5098,HAS_POSITION
5:d8df8010-334e-4fc6-b969-519394614559:8023,4:d8df8010-334e-4fc6-b969-519394614559:5098,4:d8df8010-334e-4fc6-b969-519394614559:5122,HAS_INFAVOR
5:d8df8010-334e-4fc6-b969-519394614559:8499,4:d8df8010-334e-4fc6-b969-519394614559:5122,4:d8df8010-334e-4fc6-b969-519394614559:5126,MENTION
5:d8df8010-334e-4fc6-b969-519394614559:8800,4:d8df8010-334e-4fc6-b969-519394614559:5097,4:d8df8010-334e-4fc6-b969-519394614559:5098,HAS_POSITION
5:d8df8010-334e-4fc6-b969-519394614559:8023,4:d8df8010-334e-4fc6-b969-519394614559:5098,4:d8df8010-334e-4fc6-b969-519394614559:5122,HAS_INFAVOR
5:d8df8010-334e-4fc6-b969-519394614559:8751,4:d8df8010-334e-4fc6-b969-519394614559:5122,4:d8df8010-334e-4fc6-b969-519394614559:5127,MENTION
5:d8df8010-334e-4fc6-b969-519394614559:8800,4:d8df8010-334e-4fc6-b969-519394614559:5097,4:d8df8010-334e-4fc6-b969-519394614559:5098,HAS_POSITION
5:d8df8010-334e-4fc6-b969-519394614559:8023,4:d8df8010-334e-4fc6-b969-519394614559:5098,4:d8df8010-334e-4fc6-b969-519394614559:5122,HAS_INFAVOR
5:d8df8010-334e-4fc6-b969-519394614559:8600,4:d8df8010-334e-4fc6-b969-519394614559:5122,4:d8df8010-334e-4fc6-b969-519394614559:5047,MENTION
5:d8df8010-334e-4fc6-b969-519394614559:8800,4:d8df8010-334e-4fc6-b969-519394614559:5097,4:d8df8010-334e-4fc6-b969-519394614559:5098,HAS_POSITION
5:d8df8010-334e-4fc6-b969-519394614559:8023,4:d8df8010-334e-4fc6-b969-519394614559:5098,4:d8df8010-334e-4fc6-b969-519394614559:5122,HAS_INFAVOR
5:d8df8010-334e-4fc6-b969-519394614559:8754,4:d8df8010-334e-4fc6-b969-519394614559:5122,4:d8df8010-334e-4fc6-b969-519394614559:5128,MENTION
5:d8df8010-334e-4fc6-b969-519394614559:8800,4:d8df8010-334e-4fc6-b969-519394614559:5097,4:d8df8010-334e-4fc6-b969-519394614559:5098,HAS_POSITION
5:d8df8010-334e-4fc6-b969-519394614559:8023,4:d8df8010-334e-4fc6-b969-519394614559:5098,4:d8df8010-334e-4fc6-b969-519394614559:5122,HAS_INFAVOR
5:d8df8010-334e-4fc6-b969-519394614559:8753,4:d8df8010-334e-4fc6-b969-519394614559:5122,4:d8df8010-334e-4fc6-b969-519394614559:4066,MENTION
5:d8df8010-334e-4fc6-b969-519394614559:8800,4:d8df8010-334e-4fc6-b969-519394614559:5097,4:d8df8010-334e-4fc6-b969-519394614559:5098,HAS_POSITION
5:d8df8010-334e-4fc6-b969-519394614559:8023,4:d8df8010-334e-4fc6-b969-519394614559:5098,4:d8df8010-334e-4fc6-b969-519394614559:5122,HAS_INFAVOR
5:d8df8010-334e-4fc6-b969-519394614559:8756,4:d8df8010-334e-4fc6-b969-519394614559:5122,4:d8df8010-334e-4fc6-b969-519394614559:2442,MENTION
5:d8df8010-334e-4fc6-b969-519394614559:8800,4:d8df8010-334e-4fc6-b969-519394614559:5097,4:d8df8010-334e-4fc6-b969-519394614559:5098,HAS_POSITION
5:d8df8010-334e-4fc6-b969-519394614559:8023,4:d8df8010-334e-4fc6-b969-519394614559:5098,4:d8df8010-334e-4fc6-b969-519394614559:5122,HAS_INFAVOR
5:d8df8010-334e-4fc6-b969-519394614559:8758,4:d8df8010-334e-4fc6-b969-519394614559:5122,4:d8df8010-334e-4fc6-b969-519394614559:5129,MENTION
5:d8df8010-334e-4fc6-b969-519394614559:8800,4:d8df8010-334e-4fc6-b969-519394614559:5097,4:d8df8010-334e-4fc6-b969-519394614559:5098,HAS_POSITION
5:d8df8010-334e-4fc6-b969-519394614559:8023,4:d8df8010-334e-4fc6-b969-519394614559:5098,4:d8df8010-334e-4fc6-b969-519394614559:5122,HAS_INFAVOR
5:d8df8010-334e-4fc6-b969-519394614559:8762,4:d8df8010-334e-4fc6-b969-519394614559:5122,4:d8df8010-334e-4fc6-b969-519394614559:5130,MENTION
5:d8df8010-334e-4fc6-b969-519394614559:8800,4:d8df8010-334e-4fc6-b969-519394614559:5097,4:d8df8010-334e-4fc6-b969-519394614559:5098,HAS_POSITION
5:d8df8010-334e-4fc6-b969-519394614559:8023,4:d8df8010-334e-4fc6-b969-519394614559:5098,4:d8df8010-334e-4fc6-b969-519394614559:5122,HAS_INFAVOR
5:d8df8010-334e-4fc6-b969-519394614559:8767,4:d8df8010-334e-4fc6-b969-519394614559:5122,4:d8df8010-334e-4fc6-b969-519394614559:1554,MENTION
5:d8df8010-334e-4fc6-b969-519394614559:8800,4:d8df8010-334e-4fc6-b969-519394614559:5097,4:d8df8010-334e-4fc6-b969-519394614559:5098,HAS_POSITION
5:d8df8010-334e-4fc6-b969-519394614559:8769,4:d8df8010-334e-4fc6-b969-519394614559:5098,4:d8df8010-334e-4fc6-b969-519394614559:5131,HAS_AGAINST
5:d8df8010-334e-4fc6-b969-519394614559:8800,4:d8df8010-334e-4fc6-b969-519394614559:5097,4:d8df8010-334e-4fc6-b969-519394614559:5098,HAS_POSITION
5:d8df8010-334e-4fc6-b969-519394614559:8769,4:d8df8010-334e-4fc6-b969-519394614559:5098,4:d8df8010-334e-4fc6-b969-519394614559:5131,HAS_AGAINST
5:d8df8010-334e-4fc6-b969-519394614559:8770,4:d8df8010-334e-4fc6-b969-519394614559:5081,4:d8df8010-334e-4fc6-b969-519394614559:5131,HAS_POST
5:d8df8010-334e-4fc6-b969-519394614559:8800,4:d8df8010-334e-4fc6-b969-519394614559:5097,4:d8df8010-334e-4fc6-b969-519394614559:5098,HAS_POSITION
5:d8df8010-334e-4fc6-b969-519394614559:8769,4:d8df8010-334e-4fc6-b969-519394614559:5098,4:d8df8010-334e-4fc6-b969-519394614559:5131,HAS_AGAINST
5:d8df8010-334e-4fc6-b969-519394614559:8771,4:d8df8010-334e-4fc6-b969-519394614559:5131,4:d8df8010-334e-4fc6-b969-519394614559:5053,MENTION
5:d8df8010-334e-4fc6-b969-519394614559:8800,4:d8df8010-334e-4fc6-b969-519394614559:5097,4:d8df8010-334e-4fc6-b969-519394614559:5098,HAS_POSITION
5:d8df8010-334e-4fc6-b969-519394614559:8769,4:d8df8010-334e-4fc6-b969-519394614559:5098,4:d8df8010-334e-4fc6-b969-519394614559:5131,HAS_AGAINST
5:d8df8010-334e-4fc6-b969-519394614559:8772,4:d8df8010-334e-4fc6-b969-519394614559:5131,4:d8df8010-334e-4fc6-b969-519394614559:5132,MENTION
5:d8df8010-334e-4fc6-b969-519394614559:8801,4:d8df8010-334e-4fc6-b969-519394614559:5097,4:d8df8010-334e-4fc6-b969-519394614559:5099,HAS_POSITION
5:d8df8010-334e-4fc6-b969-519394614559:8801,4:d8df8010-334e-4fc6-b969-519394614559:5097,4:d8df8010-334e-4fc6-b969-519394614559:5099,HAS_POSITION
5:d8df8010-334e-4fc6-b969-519394614559:8779,4:d8df8010-334e-4fc6-b969-519394614559:5099,4:d8df8010-334e-4fc6-b969-519394614559:5133,HAS_INFAVOR
5:d8df8010-334e-4fc6-b969-519394614559:8801,4:d8df8010-334e-4fc6-b969-519394614559:5097,4:d8df8010-334e-4fc6-b969-519394614559:5099,HAS_POSITION
5:d8df8010-334e-4fc6-b969-519394614559:8779,4:d8df8010-334e-4fc6-b969-519394614559:5099,4:d8df8010-334e-4fc6-b969-519394614559:5133,HAS_INFAVOR
5:d8df8010-334e-4fc6-b969-519394614559:8780,4:d8df8010-334e-4fc6-b969-519394614559:5134,4:d8df8010-334e-4fc6-b969-519394614559:5133,HAS_POST
5:d8df8010-334e-4fc6-b969-519394614559:8801,4:d8df8010-334e-4fc6-b969-519394614559:5097,4:d8df8010-334e-4fc6-b969-519394614559:5099,HAS_POSITION
5:d8df8010-334e-4fc6-b969-519394614559:8779,4:d8df8010-334e-4fc6-b969-519394614559:5099,4:d8df8010-334e-4fc6-b969-519394614559:5133,HAS_INFAVOR
5:d8df8010-334e-4fc6-b969-519394614559:8799,4:d8df8010-334e-4fc6-b969-519394614559:5133,4:d8df8010-334e-4fc6-b969-519394614559:5139,MENTION
5:d8df8010-334e-4fc6-b969-519394614559:8801,4:d8df8010-334e-4fc6-b969-519394614559:5097,4:d8df8010-334e-4fc6-b969-519394614559:5099,HAS_POSITION
5:d8df8010-334e-4fc6-b969-519394614559:8779,4:d8df8010-334e-4fc6-b969-519394614559:5099,4:d8df8010-334e-4fc6-b969-519394614559:5133,HAS_INFAVOR
5:d8df8010-334e-4fc6-b969-519394614559:8739,4:d8df8010-334e-4fc6-b969-519394614559:5133,4:d8df8010-334e-4fc6-b969-519394614559:5140,MENTION
5:d8df8010-334e-4fc6-b969-519394614559:8801,4:d8df8010-334e-4fc6-b969-519394614559:5097,4:d8df8010-334e-4fc6-b969-519394614559:5099,HAS_POSITION
5:d8df8010-334e-4fc6-b969-519394614559:8779,4:d8df8010-334e-4fc6-b969-519394614559:5099,4:d8df8010-334e-4fc6-b969-519394614559:5133,HAS_INFAVOR
5:d8df8010-334e-4fc6-b969-519394614559:8764,4:d8df8010-334e-4fc6-b969-519394614559:5133,4:d8df8010-334e-4fc6-b969-519394614559:2534,MENTION
5:d8df8010-334e-4fc6-b969-519394614559:8801,4:d8df8010-334e-4fc6-b969-519394614559:5097,4:d8df8010-334e-4fc6-b969-519394614559:5099,HAS_POSITION
5:d8df8010-334e-4fc6-b969-519394614559:8779,4:d8df8010-334e-4fc6-b969-519394614559:5099,4:d8df8010-334e-4fc6-b969-519394614559:5133,HAS_INFAVOR
5:d8df8010-334e-4fc6-b969-519394614559:8773,4:d8df8010-334e-4fc6-b969-519394614559:5133,4:d8df8010-334e-4fc6-b969-519394614559:5141,MENTION
5:d8df8010-334e-4fc6-b969-519394614559:8801,4:d8df8010-334e-4fc6-b969-519394614559:5097,4:d8df8010-334e-4fc6-b969-519394614559:5099,HAS_POSITION
5:d8df8010-334e-4fc6-b969-519394614559:8716,4:d8df8010-334e-4fc6-b969-519394614559:5099,4:d8df8010-334e-4fc6-b969-519394614559:5142,HAS_AGAINST
5:d8df8010-334e-4fc6-b969-519394614559:8801,4:d8df8010-334e-4fc6-b969-519394614559:5097,4:d8df8010-334e-4fc6-b969-519394614559:5099,HAS_POSITION
5:d8df8010-334e-4fc6-b969-519394614559:8716,4:d8df8010-334e-4fc6-b969-519394614559:5099,4:d8df8010-334e-4fc6-b969-519394614559:5142,HAS_AGAINST
5:d8df8010-334e-4fc6-b969-519394614559:8717,4:d8df8010-334e-4fc6-b969-519394614559:5143,4:d8df8010-334e-4fc6-b969-519394614559:5142,HAS_POST
5:d8df8010-334e-4fc6-b969-519394614559:8801,4:d8df8010-334e-4fc6-b969-519394614559:5097,4:d8df8010-334e-4fc6-b969-519394614559:5099,HAS_POSITION
5:d8df8010-334e-4fc6-b969-519394614559:8716,4:d8df8010-334e-4fc6-b969-519394614559:5099,4:d8df8010-334e-4fc6-b969-519394614559:5142,HAS_AGAINST
5:d8df8010-334e-4fc6-b969-519394614559:8724,4:d8df8010-334e-4fc6-b969-519394614559:5142,4:d8df8010-334e-4fc6-b969-519394614559:5149,MENTION
5:d8df8010-334e-4fc6-b969-519394614559:8801,4:d8df8010-334e-4fc6-b969-519394614559:5097,4:d8df8010-334e-4fc6-b969-519394614559:5099,HAS_POSITION
5:d8df8010-334e-4fc6-b969-519394614559:8716,4:d8df8010-334e-4fc6-b969-519394614559:5099,4:d8df8010-334e-4fc6-b969-519394614559:5142,HAS_AGAINST
5:d8df8010-334e-4fc6-b969-519394614559:8725,4:d8df8010-334e-4fc6-b969-519394614559:5142,4:d8df8010-334e-4fc6-b969-519394614559:5150,MENTION
5:d8df8010-334e-4fc6-b969-519394614559:8801,4:d8df8010-334e-4fc6-b969-519394614559:5097,4:d8df8010-334e-4fc6-b969-519394614559:5099,HAS_POSITION
5:d8df8010-334e-4fc6-b969-519394614559:8716,4:d8df8010-334e-4fc6-b969-519394614559:5099,4:d8df8010-334e-4fc6-b969-519394614559:5142,HAS_AGAINST
5:d8df8010-334e-4fc6-b969-519394614559:8727,4:d8df8010-334e-4fc6-b969-519394614559:5142,4:d8df8010-334e-4fc6-b969-519394614559:2591,MENTION
5:d8df8010-334e-4fc6-b969-519394614559:8801,4:d8df8010-334e-4fc6-b969-519394614559:5097,4:d8df8010-334e-4fc6-b969-519394614559:5099,HAS_POSITION
5:d8df8010-334e-4fc6-b969-519394614559:8716,4:d8df8010-334e-4fc6-b969-519394614559:5099,4:d8df8010-334e-4fc6-b969-519394614559:5142,HAS_AGAINST
5:d8df8010-334e-4fc6-b969-519394614559:8730,4:d8df8010-334e-4fc6-b969-519394614559:5142,4:d8df8010-334e-4fc6-b969-519394614559:5151,MENTION
5:d8df8010-334e-4fc6-b969-519394614559:8801,4:d8df8010-334e-4fc6-b969-519394614559:5097,4:d8df8010-334e-4fc6-b969-519394614559:5099,HAS_POSITION
5:d8df8010-334e-4fc6-b969-519394614559:8716,4:d8df8010-334e-4fc6-b969-519394614559:5099,4:d8df8010-334e-4fc6-b969-519394614559:5142,HAS_AGAINST
5:d8df8010-334e-4fc6-b969-519394614559:8731,4:d8df8010-334e-4fc6-b969-519394614559:5142,4:d8df8010-334e-4fc6-b969-519394614559:4366,MENTION
5:d8df8010-334e-4fc6-b969-519394614559:8801,4:d8df8010-334e-4fc6-b969-519394614559:5097,4:d8df8010-334e-4fc6-b969-519394614559:5099,HAS_POSITION
5:d8df8010-334e-4fc6-b969-519394614559:8716,4:d8df8010-334e-4fc6-b969-519394614559:5099,4:d8df8010-334e-4fc6-b969-519394614559:5142,HAS_AGAINST
5:d8df8010-334e-4fc6-b969-519394614559:8733,4:d8df8010-334e-4fc6-b969-519394614559:5142,4:d8df8010-334e-4fc6-b969-519394614559:2534,MENTION
5:d8df8010-334e-4fc6-b969-519394614559:8801,4:d8df8010-334e-4fc6-b969-519394614559:5097,4:d8df8010-334e-4fc6-b969-519394614559:5099,HAS_POSITION
5:d8df8010-334e-4fc6-b969-519394614559:8735,4:d8df8010-334e-4fc6-b969-519394614559:5099,4:d8df8010-334e-4fc6-b969-519394614559:5152,HAS_INFAVOR
5:d8df8010-334e-4fc6-b969-519394614559:8801,4:d8df8010-334e-4fc6-b969-519394614559:5097,4:d8df8010-334e-4fc6-b969-519394614559:5099,HAS_POSITION
5:d8df8010-334e-4fc6-b969-519394614559:8735,4:d8df8010-334e-4fc6-b969-519394614559:5099,4:d8df8010-334e-4fc6-b969-519394614559:5152,HAS_INFAVOR
5:d8df8010-334e-4fc6-b969-519394614559:8736,4:d8df8010-334e-4fc6-b969-519394614559:5134,4:d8df8010-334e-4fc6-b969-519394614559:5152,HAS_POST
5:d8df8010-334e-4fc6-b969-519394614559:8801,4:d8df8010-334e-4fc6-b969-519394614559:5097,4:d8df8010-334e-4fc6-b969-519394614559:5099,HAS_POSITION
5:d8df8010-334e-4fc6-b969-519394614559:8735,4:d8df8010-334e-4fc6-b969-519394614559:5099,4:d8df8010-334e-4fc6-b969-519394614559:5152,HAS_INFAVOR
5:d8df8010-334e-4fc6-b969-519394614559:8737,4:d8df8010-334e-4fc6-b969-519394614559:5152,4:d8df8010-334e-4fc6-b969-519394614559:5153,MENTION
5:d8df8010-334e-4fc6-b969-519394614559:8801,4:d8df8010-334e-4fc6-b969-519394614559:5097,4:d8df8010-334e-4fc6-b969-519394614559:5099,HAS_POSITION
5:d8df8010-334e-4fc6-b969-519394614559:8735,4:d8df8010-334e-4fc6-b969-519394614559:5099,4:d8df8010-334e-4fc6-b969-519394614559:5152,HAS_INFAVOR
5:d8df8010-334e-4fc6-b969-519394614559:8738,4:d8df8010-334e-4fc6-b969-519394614559:5152,4:d8df8010-334e-4fc6-b969-519394614559:2534,MENTION
5:d8df8010-334e-4fc6-b969-519394614559:8801,4:d8df8010-334e-4fc6-b969-519394614559:5097,4:d8df8010-334e-4fc6-b969-519394614559:5099,HAS_POSITION
5:d8df8010-334e-4fc6-b969-519394614559:8735,4:d8df8010-334e-4fc6-b969-519394614559:5099,4:d8df8010-334e-4fc6-b969-519394614559:5152,HAS_INFAVOR
5:d8df8010-334e-4fc6-b969-519394614559:8815,4:d8df8010-334e-4fc6-b969-519394614559:5152,4:d8df8010-334e-4fc6-b969-519394614559:5154,MENTION
5:d8df8010-334e-4fc6-b969-519394614559:8801,4:d8df8010-334e-4fc6-b969-519394614559:5097,4:d8df8010-334e-4fc6-b969-519394614559:5099,HAS_POSITION
5:d8df8010-334e-4fc6-b969-519394614559:8735,4:d8df8010-334e-4fc6-b969-519394614559:5099,4:d8df8010-334e-4fc6-b969-519394614559:5152,HAS_INFAVOR
5:d8df8010-334e-4fc6-b969-519394614559:8818,4:d8df8010-334e-4fc6-b969-519394614559:5152,4:d8df8010-334e-4fc6-b969-519394614559:348,MENTION
5:d8df8010-334e-4fc6-b969-519394614559:8802,4:d8df8010-334e-4fc6-b969-519394614559:5097,4:d8df8010-334e-4fc6-b969-519394614559:5100,HAS_POSITION
5:d8df8010-334e-4fc6-b969-519394614559:8802,4:d8df8010-334e-4fc6-b969-519394614559:5097,4:d8df8010-334e-4fc6-b969-519394614559:5100,HAS_POSITION
5:d8df8010-334e-4fc6-b969-519394614559:8820,4:d8df8010-334e-4fc6-b969-519394614559:5100,4:d8df8010-334e-4fc6-b969-519394614559:5155,HAS_INFAVOR
5:d8df8010-334e-4fc6-b969-519394614559:8802,4:d8df8010-334e-4fc6-b969-519394614559:5097,4:d8df8010-334e-4fc6-b969-519394614559:5100,HAS_POSITION
5:d8df8010-334e-4fc6-b969-519394614559:8820,4:d8df8010-334e-4fc6-b969-519394614559:5100,4:d8df8010-334e-4fc6-b969-519394614559:5155,HAS_INFAVOR
5:d8df8010-334e-4fc6-b969-519394614559:8821,4:d8df8010-334e-4fc6-b969-519394614559:5156,4:d8df8010-334e-4fc6-b969-519394614559:5155,HAS_POST
5:d8df8010-334e-4fc6-b969-519394614559:8802,4:d8df8010-334e-4fc6-b969-519394614559:5097,4:d8df8010-334e-4fc6-b969-519394614559:5100,HAS_POSITION
5:d8df8010-334e-4fc6-b969-519394614559:8820,4:d8df8010-334e-4fc6-b969-519394614559:5100,4:d8df8010-334e-4fc6-b969-519394614559:5155,HAS_INFAVOR
5:d8df8010-334e-4fc6-b969-519394614559:8824,4:d8df8010-334e-4fc6-b969-519394614559:5155,4:d8df8010-334e-4fc6-b969-519394614559:4121,MENTION
5:d8df8010-334e-4fc6-b969-519394614559:8802,4:d8df8010-334e-4fc6-b969-519394614559:5097,4:d8df8010-334e-4fc6-b969-519394614559:5100,HAS_POSITION
5:d8df8010-334e-4fc6-b969-519394614559:8820,4:d8df8010-334e-4fc6-b969-519394614559:5100,4:d8df8010-334e-4fc6-b969-519394614559:5155,HAS_INFAVOR
5:d8df8010-334e-4fc6-b969-519394614559:8825,4:d8df8010-334e-4fc6-b969-519394614559:5155,4:d8df8010-334e-4fc6-b969-519394614559:5158,MENTION
5:d8df8010-334e-4fc6-b969-519394614559:8802,4:d8df8010-334e-4fc6-b969-519394614559:5097,4:d8df8010-334e-4fc6-b969-519394614559:5100,HAS_POSITION
5:d8df8010-334e-4fc6-b969-519394614559:8820,4:d8df8010-334e-4fc6-b969-519394614559:5100,4:d8df8010-334e-4fc6-b969-519394614559:5155,HAS_INFAVOR
5:d8df8010-334e-4fc6-b969-519394614559:8828,4:d8df8010-334e-4fc6-b969-519394614559:5155,4:d8df8010-334e-4fc6-b969-519394614559:5159,MENTION
5:d8df8010-334e-4fc6-b969-519394614559:8802,4:d8df8010-334e-4fc6-b969-519394614559:5097,4:d8df8010-334e-4fc6-b969-519394614559:5100,HAS_POSITION
5:d8df8010-334e-4fc6-b969-519394614559:8820,4:d8df8010-334e-4fc6-b969-519394614559:5100,4:d8df8010-334e-4fc6-b969-519394614559:5155,HAS_INFAVOR
5:d8df8010-334e-4fc6-b969-519394614559:8827,4:d8df8010-334e-4fc6-b969-519394614559:5155,4:d8df8010-334e-4fc6-b969-519394614559:5065,MENTION
5:d8df8010-334e-4fc6-b969-519394614559:8803,4:d8df8010-334e-4fc6-b969-519394614559:5097,4:d8df8010-334e-4fc6-b969-519394614559:5101,HAS_POSITION
5:d8df8010-334e-4fc6-b969-519394614559:8803,4:d8df8010-334e-4fc6-b969-519394614559:5097,4:d8df8010-334e-4fc6-b969-519394614559:5101,HAS_POSITION
5:d8df8010-334e-4fc6-b969-519394614559:8832,4:d8df8010-334e-4fc6-b969-519394614559:5101,4:d8df8010-334e-4fc6-b969-519394614559:5160,HAS_AGAINST
5:d8df8010-334e-4fc6-b969-519394614559:8803,4:d8df8010-334e-4fc6-b969-519394614559:5097,4:d8df8010-334e-4fc6-b969-519394614559:5101,HAS_POSITION
5:d8df8010-334e-4fc6-b969-519394614559:8832,4:d8df8010-334e-4fc6-b969-519394614559:5101,4:d8df8010-334e-4fc6-b969-519394614559:5160,HAS_AGAINST
5:d8df8010-334e-4fc6-b969-519394614559:8833,4:d8df8010-334e-4fc6-b969-519394614559:5161,4:d8df8010-334e-4fc6-b969-519394614559:5160,HAS_POST
5:d8df8010-334e-4fc6-b969-519394614559:8803,4:d8df8010-334e-4fc6-b969-519394614559:5097,4:d8df8010-334e-4fc6-b969-519394614559:5101,HAS_POSITION
5:d8df8010-334e-4fc6-b969-519394614559:8832,4:d8df8010-334e-4fc6-b969-519394614559:5101,4:d8df8010-334e-4fc6-b969-519394614559:5160,HAS_AGAINST
5:d8df8010-334e-4fc6-b969-519394614559:8841,4:d8df8010-334e-4fc6-b969-519394614559:5160,4:d8df8010-334e-4fc6-b969-519394614559:5166,MENTION
5:d8df8010-334e-4fc6-b969-519394614559:8803,4:d8df8010-334e-4fc6-b969-519394614559:5097,4:d8df8010-334e-4fc6-b969-519394614559:5101,HAS_POSITION
5:d8df8010-334e-4fc6-b969-519394614559:8832,4:d8df8010-334e-4fc6-b969-519394614559:5101,4:d8df8010-334e-4fc6-b969-519394614559:5160,HAS_AGAINST
5:d8df8010-334e-4fc6-b969-519394614559:8842,4:d8df8010-334e-4fc6-b969-519394614559:5160,4:d8df8010-334e-4fc6-b969-519394614559:5167,MENTION
5:d8df8010-334e-4fc6-b969-519394614559:8803,4:d8df8010-334e-4fc6-b969-519394614559:5097,4:d8df8010-334e-4fc6-b969-519394614559:5101,HAS_POSITION
5:d8df8010-334e-4fc6-b969-519394614559:8832,4:d8df8010-334e-4fc6-b969-519394614559:5101,4:d8df8010-334e-4fc6-b969-519394614559:5160,HAS_AGAINST
5:d8df8010-334e-4fc6-b969-519394614559:8846,4:d8df8010-334e-4fc6-b969-519394614559:5160,4:d8df8010-334e-4fc6-b969-519394614559:5170,MENTION
5:d8df8010-334e-4fc6-b969-519394614559:8803,4:d8df8010-334e-4fc6-b969-519394614559:5097,4:d8df8010-334e-4fc6-b969-519394614559:5101,HAS_POSITION
5:d8df8010-334e-4fc6-b969-519394614559:8832,4:d8df8010-334e-4fc6-b969-519394614559:5101,4:d8df8010-334e-4fc6-b969-519394614559:5160,HAS_AGAINST
5:d8df8010-334e-4fc6-b969-519394614559:8845,4:d8df8010-334e-4fc6-b969-519394614559:5160,4:d8df8010-334e-4fc6-b969-519394614559:5169,MENTION
5:d8df8010-334e-4fc6-b969-519394614559:8803,4:d8df8010-334e-4fc6-b969-519394614559:5097,4:d8df8010-334e-4fc6-b969-519394614559:5101,HAS_POSITION
5:d8df8010-334e-4fc6-b969-519394614559:8832,4:d8df8010-334e-4fc6-b969-519394614559:5101,4:d8df8010-334e-4fc6-b969-519394614559:5160,HAS_AGAINST
5:d8df8010-334e-4fc6-b969-519394614559:8849,4:d8df8010-334e-4fc6-b969-519394614559:5160,4:d8df8010-334e-4fc6-b969-519394614559:2312,MENTION
5:d8df8010-334e-4fc6-b969-519394614559:8803,4:d8df8010-334e-4fc6-b969-519394614559:5097,4:d8df8010-334e-4fc6-b969-519394614559:5101,HAS_POSITION
5:d8df8010-334e-4fc6-b969-519394614559:8832,4:d8df8010-334e-4fc6-b969-519394614559:5101,4:d8df8010-334e-4fc6-b969-519394614559:5160,HAS_AGAINST
5:d8df8010-334e-4fc6-b969-519394614559:8851,4:d8df8010-334e-4fc6-b969-519394614559:5160,4:d8df8010-334e-4fc6-b969-519394614559:3666,MENTION
5:d8df8010-334e-4fc6-b969-519394614559:8803,4:d8df8010-334e-4fc6-b969-519394614559:5097,4:d8df8010-334e-4fc6-b969-519394614559:5101,HAS_POSITION
5:d8df8010-334e-4fc6-b969-519394614559:8832,4:d8df8010-334e-4fc6-b969-519394614559:5101,4:d8df8010-334e-4fc6-b969-519394614559:5160,HAS_AGAINST
5:d8df8010-334e-4fc6-b969-519394614559:8852,4:d8df8010-334e-4fc6-b969-519394614559:5160,4:d8df8010-334e-4fc6-b969-519394614559:5171,MENTION
5:d8df8010-334e-4fc6-b969-519394614559:8803,4:d8df8010-334e-4fc6-b969-519394614559:5097,4:d8df8010-334e-4fc6-b969-519394614559:5101,HAS_POSITION
5:d8df8010-334e-4fc6-b969-519394614559:8832,4:d8df8010-334e-4fc6-b969-519394614559:5101,4:d8df8010-334e-4fc6-b969-519394614559:5160,HAS_AGAINST
5:d8df8010-334e-4fc6-b969-519394614559:8854,4:d8df8010-334e-4fc6-b969-519394614559:5160,4:d8df8010-334e-4fc6-b969-519394614559:5172,MENTION
5:d8df8010-334e-4fc6-b969-519394614559:8803,4:d8df8010-334e-4fc6-b969-519394614559:5097,4:d8df8010-334e-4fc6-b969-519394614559:5101,HAS_POSITION
5:d8df8010-334e-4fc6-b969-519394614559:8832,4:d8df8010-334e-4fc6-b969-519394614559:5101,4:d8df8010-334e-4fc6-b969-519394614559:5160,HAS_AGAINST
5:d8df8010-334e-4fc6-b969-519394614559:8856,4:d8df8010-334e-4fc6-b969-519394614559:5160,4:d8df8010-334e-4fc6-b969-519394614559:5173,MENTION
5:d8df8010-334e-4fc6-b969-519394614559:8803,4:d8df8010-334e-4fc6-b969-519394614559:5097,4:d8df8010-334e-4fc6-b969-519394614559:5101,HAS_POSITION
5:d8df8010-334e-4fc6-b969-519394614559:8832,4:d8df8010-334e-4fc6-b969-519394614559:5101,4:d8df8010-334e-4fc6-b969-519394614559:5160,HAS_AGAINST
5:d8df8010-334e-4fc6-b969-519394614559:8858,4:d8df8010-334e-4fc6-b969-519394614559:5160,4:d8df8010-334e-4fc6-b969-519394614559:5174,MENTION
5:d8df8010-334e-4fc6-b969-519394614559:8803,4:d8df8010-334e-4fc6-b969-519394614559:5097,4:d8df8010-334e-4fc6-b969-519394614559:5101,HAS_POSITION
5:d8df8010-334e-4fc6-b969-519394614559:8832,4:d8df8010-334e-4fc6-b969-519394614559:5101,4:d8df8010-334e-4fc6-b969-519394614559:5160,HAS_AGAINST
5:d8df8010-334e-4fc6-b969-519394614559:8859,4:d8df8010-334e-4fc6-b969-519394614559:5160,4:d8df8010-334e-4fc6-b969-519394614559:4353,MENTION
5:d8df8010-334e-4fc6-b969-519394614559:8803,4:d8df8010-334e-4fc6-b969-519394614559:5097,4:d8df8010-334e-4fc6-b969-519394614559:5101,HAS_POSITION
5:d8df8010-334e-4fc6-b969-519394614559:8832,4:d8df8010-334e-4fc6-b969-519394614559:5101,4:d8df8010-334e-4fc6-b969-519394614559:5160,HAS_AGAINST
5:d8df8010-334e-4fc6-b969-519394614559:8861,4:d8df8010-334e-4fc6-b969-519394614559:5160,4:d8df8010-334e-4fc6-b969-519394614559:4121,MENTION
5:d8df8010-334e-4fc6-b969-519394614559:8803,4:d8df8010-334e-4fc6-b969-519394614559:5097,4:d8df8010-334e-4fc6-b969-519394614559:5101,HAS_POSITION
5:d8df8010-334e-4fc6-b969-519394614559:8832,4:d8df8010-334e-4fc6-b969-519394614559:5101,4:d8df8010-334e-4fc6-b969-519394614559:5160,HAS_AGAINST
5:d8df8010-334e-4fc6-b969-519394614559:8862,4:d8df8010-334e-4fc6-b969-519394614559:5160,4:d8df8010-334e-4fc6-b969-519394614559:5175,MENTION
5:d8df8010-334e-4fc6-b969-519394614559:8803,4:d8df8010-334e-4fc6-b969-519394614559:5097,4:d8df8010-334e-4fc6-b969-519394614559:5101,HAS_POSITION
5:d8df8010-334e-4fc6-b969-519394614559:8832,4:d8df8010-334e-4fc6-b969-519394614559:5101,4:d8df8010-334e-4fc6-b969-519394614559:5160,HAS_AGAINST
5:d8df8010-334e-4fc6-b969-519394614559:8864,4:d8df8010-334e-4fc6-b969-519394614559:5160,4:d8df8010-334e-4fc6-b969-519394614559:3373,MENTION
5:d8df8010-334e-4fc6-b969-519394614559:8803,4:d8df8010-334e-4fc6-b969-519394614559:5097,4:d8df8010-334e-4fc6-b969-519394614559:5101,HAS_POSITION
5:d8df8010-334e-4fc6-b969-519394614559:8832,4:d8df8010-334e-4fc6-b969-519394614559:5101,4:d8df8010-334e-4fc6-b969-519394614559:5160,HAS_AGAINST
5:d8df8010-334e-4fc6-b969-519394614559:8866,4:d8df8010-334e-4fc6-b969-519394614559:5160,4:d8df8010-334e-4fc6-b969-519394614559:5176,MENTION
5:d8df8010-334e-4fc6-b969-519394614559:8804,4:d8df8010-334e-4fc6-b969-519394614559:5097,4:d8df8010-334e-4fc6-b969-519394614559:5102,HAS_POSITION
5:d8df8010-334e-4fc6-b969-519394614559:8805,4:d8df8010-334e-4fc6-b969-519394614559:5097,4:d8df8010-334e-4fc6-b969-519394614559:5103,HAS_POSITION
5:d8df8010-334e-4fc6-b969-519394614559:8806,4:d8df8010-334e-4fc6-b969-519394614559:5097,4:d8df8010-334e-4fc6-b969-519394614559:5104,HAS_POSITION
5:d8df8010-334e-4fc6-b969-519394614559:8807,4:d8df8010-334e-4fc6-b969-519394614559:5097,4:d8df8010-334e-4fc6-b969-519394614559:5105,HAS_POSITION
5:d8df8010-334e-4fc6-b969-519394614559:8808,4:d8df8010-334e-4fc6-b969-519394614559:5097,4:d8df8010-334e-4fc6-b969-519394614559:5106,HAS_POSITION
5:d8df8010-334e-4fc6-b969-519394614559:8808,4:d8df8010-334e-4fc6-b969-519394614559:5097,4:d8df8010-334e-4fc6-b969-519394614559:5106,HAS_POSITION
5:d8df8010-334e-4fc6-b969-519394614559:8868,4:d8df8010-334e-4fc6-b969-519394614559:5106,4:d8df8010-334e-4fc6-b969-519394614559:5177,HAS_INFAVOR
5:d8df8010-334e-4fc6-b969-519394614559:8808,4:d8df8010-334e-4fc6-b969-519394614559:5097,4:d8df8010-334e-4fc6-b969-519394614559:5106,HAS_POSITION
5:d8df8010-334e-4fc6-b969-519394614559:8868,4:d8df8010-334e-4fc6-b969-519394614559:5106,4:d8df8010-334e-4fc6-b969-519394614559:5177,HAS_INFAVOR
5:d8df8010-334e-4fc6-b969-519394614559:8869,4:d8df8010-334e-4fc6-b969-519394614559:5178,4:d8df8010-334e-4fc6-b969-519394614559:5177,HAS_POST
5:d8df8010-334e-4fc6-b969-519394614559:8808,4:d8df8010-334e-4fc6-b969-519394614559:5097,4:d8df8010-334e-4fc6-b969-519394614559:5106,HAS_POSITION
5:d8df8010-334e-4fc6-b969-519394614559:8868,4:d8df8010-334e-4fc6-b969-519394614559:5106,4:d8df8010-334e-4fc6-b969-519394614559:5177,HAS_INFAVOR
5:d8df8010-334e-4fc6-b969-519394614559:8876,4:d8df8010-334e-4fc6-b969-519394614559:5177,4:d8df8010-334e-4fc6-b969-519394614559:5182,MENTION
5:d8df8010-334e-4fc6-b969-519394614559:8808,4:d8df8010-334e-4fc6-b969-519394614559:5097,4:d8df8010-334e-4fc6-b969-519394614559:5106,HAS_POSITION
5:d8df8010-334e-4fc6-b969-519394614559:8868,4:d8df8010-334e-4fc6-b969-519394614559:5106,4:d8df8010-334e-4fc6-b969-519394614559:5177,HAS_INFAVOR
5:d8df8010-334e-4fc6-b969-519394614559:8878,4:d8df8010-334e-4fc6-b969-519394614559:5177,4:d8df8010-334e-4fc6-b969-519394614559:5183,MENTION
5:d8df8010-334e-4fc6-b969-519394614559:8808,4:d8df8010-334e-4fc6-b969-519394614559:5097,4:d8df8010-334e-4fc6-b969-519394614559:5106,HAS_POSITION
5:d8df8010-334e-4fc6-b969-519394614559:8868,4:d8df8010-334e-4fc6-b969-519394614559:5106,4:d8df8010-334e-4fc6-b969-519394614559:5177,HAS_INFAVOR
5:d8df8010-334e-4fc6-b969-519394614559:8880,4:d8df8010-334e-4fc6-b969-519394614559:5177,4:d8df8010-334e-4fc6-b969-519394614559:3595,MENTION
5:d8df8010-334e-4fc6-b969-519394614559:8808,4:d8df8010-334e-4fc6-b969-519394614559:5097,4:d8df8010-334e-4fc6-b969-519394614559:5106,HAS_POSITION
5:d8df8010-334e-4fc6-b969-519394614559:8868,4:d8df8010-334e-4fc6-b969-519394614559:5106,4:d8df8010-334e-4fc6-b969-519394614559:5177,HAS_INFAVOR
5:d8df8010-334e-4fc6-b969-519394614559:8882,4:d8df8010-334e-4fc6-b969-519394614559:5177,4:d8df8010-334e-4fc6-b969-519394614559:5184,MENTION
5:d8df8010-334e-4fc6-b969-519394614559:8808,4:d8df8010-334e-4fc6-b969-519394614559:5097,4:d8df8010-334e-4fc6-b969-519394614559:5106,HAS_POSITION
5:d8df8010-334e-4fc6-b969-519394614559:8868,4:d8df8010-334e-4fc6-b969-519394614559:5106,4:d8df8010-334e-4fc6-b969-519394614559:5177,HAS_INFAVOR
5:d8df8010-334e-4fc6-b969-519394614559:8884,4:d8df8010-334e-4fc6-b969-519394614559:5177,4:d8df8010-334e-4fc6-b969-519394614559:4879,MENTION
5:d8df8010-334e-4fc6-b969-519394614559:8808,4:d8df8010-334e-4fc6-b969-519394614559:5097,4:d8df8010-334e-4fc6-b969-519394614559:5106,HAS_POSITION
5:d8df8010-334e-4fc6-b969-519394614559:8868,4:d8df8010-334e-4fc6-b969-519394614559:5106,4:d8df8010-334e-4fc6-b969-519394614559:5177,HAS_INFAVOR
5:d8df8010-334e-4fc6-b969-519394614559:8886,4:d8df8010-334e-4fc6-b969-519394614559:5177,4:d8df8010-334e-4fc6-b969-519394614559:5185,MENTION
5:d8df8010-334e-4fc6-b969-519394614559:8808,4:d8df8010-334e-4fc6-b969-519394614559:5097,4:d8df8010-334e-4fc6-b969-519394614559:5106,HAS_POSITION
5:d8df8010-334e-4fc6-b969-519394614559:8868,4:d8df8010-334e-4fc6-b969-519394614559:5106,4:d8df8010-334e-4fc6-b969-519394614559:5177,HAS_INFAVOR
5:d8df8010-334e-4fc6-b969-519394614559:8888,4:d8df8010-334e-4fc6-b969-519394614559:5177,4:d8df8010-334e-4fc6-b969-519394614559:5186,MENTION
5:d8df8010-334e-4fc6-b969-519394614559:8809,4:d8df8010-334e-4fc6-b969-519394614559:5097,4:d8df8010-334e-4fc6-b969-519394614559:5107,HAS_POSITION
5:d8df8010-334e-4fc6-b969-519394614559:8810,4:d8df8010-334e-4fc6-b969-519394614559:5097,4:d8df8010-334e-4fc6-b969-519394614559:5108,HAS_POSITION
5:d8df8010-334e-4fc6-b969-519394614559:8810,4:d8df8010-334e-4fc6-b969-519394614559:5097,4:d8df8010-334e-4fc6-b969-519394614559:5108,HAS_POSITION
5:d8df8010-334e-4fc6-b969-519394614559:8890,4:d8df8010-334e-4fc6-b969-519394614559:5108,4:d8df8010-334e-4fc6-b969-519394614559:5187,HAS_INFAVOR
5:d8df8010-334e-4fc6-b969-519394614559:8810,4:d8df8010-334e-4fc6-b969-519394614559:5097,4:d8df8010-334e-4fc6-b969-519394614559:5108,HAS_POSITION
5:d8df8010-334e-4fc6-b969-519394614559:8890,4:d8df8010-334e-4fc6-b969-519394614559:5108,4:d8df8010-334e-4fc6-b969-519394614559:5187,HAS_INFAVOR
5:d8df8010-334e-4fc6-b969-519394614559:8891,4:d8df8010-334e-4fc6-b969-519394614559:5188,4:d8df8010-334e-4fc6-b969-519394614559:5187,HAS_POST
5:d8df8010-334e-4fc6-b969-519394614559:8810,4:d8df8010-334e-4fc6-b969-519394614559:5097,4:d8df8010-334e-4fc6-b969-519394614559:5108,HAS_POSITION
5:d8df8010-334e-4fc6-b969-519394614559:8890,4:d8df8010-334e-4fc6-b969-519394614559:5108,4:d8df8010-334e-4fc6-b969-519394614559:5187,HAS_INFAVOR
5:d8df8010-334e-4fc6-b969-519394614559:8896,4:d8df8010-334e-4fc6-b969-519394614559:5187,4:d8df8010-334e-4fc6-b969-519394614559:5190,MENTION
5:d8df8010-334e-4fc6-b969-519394614559:8810,4:d8df8010-334e-4fc6-b969-519394614559:5097,4:d8df8010-334e-4fc6-b969-519394614559:5108,HAS_POSITION
5:d8df8010-334e-4fc6-b969-519394614559:8890,4:d8df8010-334e-4fc6-b969-519394614559:5108,4:d8df8010-334e-4fc6-b969-519394614559:5187,HAS_INFAVOR
5:d8df8010-334e-4fc6-b969-519394614559:8895,4:d8df8010-334e-4fc6-b969-519394614559:5187,4:d8df8010-334e-4fc6-b969-519394614559:3564,MENTION
5:d8df8010-334e-4fc6-b969-519394614559:8811,4:d8df8010-334e-4fc6-b969-519394614559:5097,4:d8df8010-334e-4fc6-b969-519394614559:5109,HAS_POSITION
5:d8df8010-334e-4fc6-b969-519394614559:8811,4:d8df8010-334e-4fc6-b969-519394614559:5097,4:d8df8010-334e-4fc6-b969-519394614559:5109,HAS_POSITION
5:d8df8010-334e-4fc6-b969-519394614559:8902,4:d8df8010-334e-4fc6-b969-519394614559:5109,4:d8df8010-334e-4fc6-b969-519394614559:5191,HAS_INFAVOR
5:d8df8010-334e-4fc6-b969-519394614559:8811,4:d8df8010-334e-4fc6-b969-519394614559:5097,4:d8df8010-334e-4fc6-b969-519394614559:5109,HAS_POSITION
5:d8df8010-334e-4fc6-b969-519394614559:8902,4:d8df8010-334e-4fc6-b969-519394614559:5109,4:d8df8010-334e-4fc6-b969-519394614559:5191,HAS_INFAVOR
5:d8df8010-334e-4fc6-b969-519394614559:8903,4:d8df8010-334e-4fc6-b969-519394614559:5192,4:d8df8010-334e-4fc6-b969-519394614559:5191,HAS_POST
5:d8df8010-334e-4fc6-b969-519394614559:8811,4:d8df8010-334e-4fc6-b969-519394614559:5097,4:d8df8010-334e-4fc6-b969-519394614559:5109,HAS_POSITION
5:d8df8010-334e-4fc6-b969-519394614559:8902,4:d8df8010-334e-4fc6-b969-519394614559:5109,4:d8df8010-334e-4fc6-b969-519394614559:5191,HAS_INFAVOR
5:d8df8010-334e-4fc6-b969-519394614559:8915,4:d8df8010-334e-4fc6-b969-519394614559:5191,4:d8df8010-334e-4fc6-b969-519394614559:5201,MENTION
5:d8df8010-334e-4fc6-b969-519394614559:8811,4:d8df8010-334e-4fc6-b969-519394614559:5097,4:d8df8010-334e-4fc6-b969-519394614559:5109,HAS_POSITION
5:d8df8010-334e-4fc6-b969-519394614559:8902,4:d8df8010-334e-4fc6-b969-519394614559:5109,4:d8df8010-334e-4fc6-b969-519394614559:5191,HAS_INFAVOR
5:d8df8010-334e-4fc6-b969-519394614559:8914,4:d8df8010-334e-4fc6-b969-519394614559:5191,4:d8df8010-334e-4fc6-b969-519394614559:5200,MENTION
5:d8df8010-334e-4fc6-b969-519394614559:8811,4:d8df8010-334e-4fc6-b969-519394614559:5097,4:d8df8010-334e-4fc6-b969-519394614559:5109,HAS_POSITION
5:d8df8010-334e-4fc6-b969-519394614559:8902,4:d8df8010-334e-4fc6-b969-519394614559:5109,4:d8df8010-334e-4fc6-b969-519394614559:5191,HAS_INFAVOR
5:d8df8010-334e-4fc6-b969-519394614559:8918,4:d8df8010-334e-4fc6-b969-519394614559:5191,4:d8df8010-334e-4fc6-b969-519394614559:5202,MENTION
5:d8df8010-334e-4fc6-b969-519394614559:8811,4:d8df8010-334e-4fc6-b969-519394614559:5097,4:d8df8010-334e-4fc6-b969-519394614559:5109,HAS_POSITION
5:d8df8010-334e-4fc6-b969-519394614559:8902,4:d8df8010-334e-4fc6-b969-519394614559:5109,4:d8df8010-334e-4fc6-b969-519394614559:5191,HAS_INFAVOR
5:d8df8010-334e-4fc6-b969-519394614559:8917,4:d8df8010-334e-4fc6-b969-519394614559:5191,4:d8df8010-334e-4fc6-b969-519394614559:3106,MENTION
5:d8df8010-334e-4fc6-b969-519394614559:8811,4:d8df8010-334e-4fc6-b969-519394614559:5097,4:d8df8010-334e-4fc6-b969-519394614559:5109,HAS_POSITION
5:d8df8010-334e-4fc6-b969-519394614559:8902,4:d8df8010-334e-4fc6-b969-519394614559:5109,4:d8df8010-334e-4fc6-b969-519394614559:5191,HAS_INFAVOR
5:d8df8010-334e-4fc6-b969-519394614559:8920,4:d8df8010-334e-4fc6-b969-519394614559:5191,4:d8df8010-334e-4fc6-b969-519394614559:5203,MENTION
5:d8df8010-334e-4fc6-b969-519394614559:8811,4:d8df8010-334e-4fc6-b969-519394614559:5097,4:d8df8010-334e-4fc6-b969-519394614559:5109,HAS_POSITION
5:d8df8010-334e-4fc6-b969-519394614559:8902,4:d8df8010-334e-4fc6-b969-519394614559:5109,4:d8df8010-334e-4fc6-b969-519394614559:5191,HAS_INFAVOR
5:d8df8010-334e-4fc6-b969-519394614559:8921,4:d8df8010-334e-4fc6-b969-519394614559:5191,4:d8df8010-334e-4fc6-b969-519394614559:5204,MENTION
5:d8df8010-334e-4fc6-b969-519394614559:8811,4:d8df8010-334e-4fc6-b969-519394614559:5097,4:d8df8010-334e-4fc6-b969-519394614559:5109,HAS_POSITION
5:d8df8010-334e-4fc6-b969-519394614559:8902,4:d8df8010-334e-4fc6-b969-519394614559:5109,4:d8df8010-334e-4fc6-b969-519394614559:5191,HAS_INFAVOR
5:d8df8010-334e-4fc6-b969-519394614559:8923,4:d8df8010-334e-4fc6-b969-519394614559:5191,4:d8df8010-334e-4fc6-b969-519394614559:5205,MENTION
5:d8df8010-334e-4fc6-b969-519394614559:8811,4:d8df8010-334e-4fc6-b969-519394614559:5097,4:d8df8010-334e-4fc6-b969-519394614559:5109,HAS_POSITION
5:d8df8010-334e-4fc6-b969-519394614559:8902,4:d8df8010-334e-4fc6-b969-519394614559:5109,4:d8df8010-334e-4fc6-b969-519394614559:5191,HAS_INFAVOR
5:d8df8010-334e-4fc6-b969-519394614559:8924,4:d8df8010-334e-4fc6-b969-519394614559:5191,4:d8df8010-334e-4fc6-b969-519394614559:5206,MENTION
5:d8df8010-334e-4fc6-b969-519394614559:8811,4:d8df8010-334e-4fc6-b969-519394614559:5097,4:d8df8010-334e-4fc6-b969-519394614559:5109,HAS_POSITION
5:d8df8010-334e-4fc6-b969-519394614559:8902,4:d8df8010-334e-4fc6-b969-519394614559:5109,4:d8df8010-334e-4fc6-b969-519394614559:5191,HAS_INFAVOR
5:d8df8010-334e-4fc6-b969-519394614559:8926,4:d8df8010-334e-4fc6-b969-519394614559:5191,4:d8df8010-334e-4fc6-b969-519394614559:5207,MENTION
5:d8df8010-334e-4fc6-b969-519394614559:8811,4:d8df8010-334e-4fc6-b969-519394614559:5097,4:d8df8010-334e-4fc6-b969-519394614559:5109,HAS_POSITION
5:d8df8010-334e-4fc6-b969-519394614559:8902,4:d8df8010-334e-4fc6-b969-519394614559:5109,4:d8df8010-334e-4fc6-b969-519394614559:5191,HAS_INFAVOR
5:d8df8010-334e-4fc6-b969-519394614559:8927,4:d8df8010-334e-4fc6-b969-519394614559:5191,4:d8df8010-334e-4fc6-b969-519394614559:5208,MENTION
5:d8df8010-334e-4fc6-b969-519394614559:8811,4:d8df8010-334e-4fc6-b969-519394614559:5097,4:d8df8010-334e-4fc6-b969-519394614559:5109,HAS_POSITION
5:d8df8010-334e-4fc6-b969-519394614559:8930,4:d8df8010-334e-4fc6-b969-519394614559:5109,4:d8df8010-334e-4fc6-b969-519394614559:5209,HAS_INFAVOR
5:d8df8010-334e-4fc6-b969-519394614559:8811,4:d8df8010-334e-4fc6-b969-519394614559:5097,4:d8df8010-334e-4fc6-b969-519394614559:5109,HAS_POSITION
5:d8df8010-334e-4fc6-b969-519394614559:8930,4:d8df8010-334e-4fc6-b969-519394614559:5109,4:d8df8010-334e-4fc6-b969-519394614559:5209,HAS_INFAVOR
5:d8df8010-334e-4fc6-b969-519394614559:8931,4:d8df8010-334e-4fc6-b969-519394614559:5192,4:d8df8010-334e-4fc6-b969-519394614559:5209,HAS_POST
5:d8df8010-334e-4fc6-b969-519394614559:8811,4:d8df8010-334e-4fc6-b969-519394614559:5097,4:d8df8010-334e-4fc6-b969-519394614559:5109,HAS_POSITION
5:d8df8010-334e-4fc6-b969-519394614559:8930,4:d8df8010-334e-4fc6-b969-519394614559:5109,4:d8df8010-334e-4fc6-b969-519394614559:5209,HAS_INFAVOR
5:d8df8010-334e-4fc6-b969-519394614559:8932,4:d8df8010-334e-4fc6-b969-519394614559:5209,4:d8df8010-334e-4fc6-b969-519394614559:5210,MENTION
5:d8df8010-334e-4fc6-b969-519394614559:8811,4:d8df8010-334e-4fc6-b969-519394614559:5097,4:d8df8010-334e-4fc6-b969-519394614559:5109,HAS_POSITION
5:d8df8010-334e-4fc6-b969-519394614559:8930,4:d8df8010-334e-4fc6-b969-519394614559:5109,4:d8df8010-334e-4fc6-b969-519394614559:5209,HAS_INFAVOR
5:d8df8010-334e-4fc6-b969-519394614559:8933,4:d8df8010-334e-4fc6-b969-519394614559:5209,4:d8df8010-334e-4fc6-b969-519394614559:5211,MENTION
5:d8df8010-334e-4fc6-b969-519394614559:8811,4:d8df8010-334e-4fc6-b969-519394614559:5097,4:d8df8010-334e-4fc6-b969-519394614559:5109,HAS_POSITION
5:d8df8010-334e-4fc6-b969-519394614559:8930,4:d8df8010-334e-4fc6-b969-519394614559:5109,4:d8df8010-334e-4fc6-b969-519394614559:5209,HAS_INFAVOR
5:d8df8010-334e-4fc6-b969-519394614559:8936,4:d8df8010-334e-4fc6-b969-519394614559:5209,4:d8df8010-334e-4fc6-b969-519394614559:5212,MENTION
5:d8df8010-334e-4fc6-b969-519394614559:8811,4:d8df8010-334e-4fc6-b969-519394614559:5097,4:d8df8010-334e-4fc6-b969-519394614559:5109,HAS_POSITION
5:d8df8010-334e-4fc6-b969-519394614559:8930,4:d8df8010-334e-4fc6-b969-519394614559:5109,4:d8df8010-334e-4fc6-b969-519394614559:5209,HAS_INFAVOR
5:d8df8010-334e-4fc6-b969-519394614559:8938,4:d8df8010-334e-4fc6-b969-519394614559:5209,4:d8df8010-334e-4fc6-b969-519394614559:5213,MENTION
5:d8df8010-334e-4fc6-b969-519394614559:8811,4:d8df8010-334e-4fc6-b969-519394614559:5097,4:d8df8010-334e-4fc6-b969-519394614559:5109,HAS_POSITION
5:d8df8010-334e-4fc6-b969-519394614559:8930,4:d8df8010-334e-4fc6-b969-519394614559:5109,4:d8df8010-334e-4fc6-b969-519394614559:5209,HAS_INFAVOR
5:d8df8010-334e-4fc6-b969-519394614559:8941,4:d8df8010-334e-4fc6-b969-519394614559:5209,4:d8df8010-334e-4fc6-b969-519394614559:5214,MENTION
5:d8df8010-334e-4fc6-b969-519394614559:8811,4:d8df8010-334e-4fc6-b969-519394614559:5097,4:d8df8010-334e-4fc6-b969-519394614559:5109,HAS_POSITION
5:d8df8010-334e-4fc6-b969-519394614559:8930,4:d8df8010-334e-4fc6-b969-519394614559:5109,4:d8df8010-334e-4fc6-b969-519394614559:5209,HAS_INFAVOR
5:d8df8010-334e-4fc6-b969-519394614559:8940,4:d8df8010-334e-4fc6-b969-519394614559:5209,4:d8df8010-334e-4fc6-b969-519394614559:5207,MENTION
5:d8df8010-334e-4fc6-b969-519394614559:8811,4:d8df8010-334e-4fc6-b969-519394614559:5097,4:d8df8010-334e-4fc6-b969-519394614559:5109,HAS_POSITION
5:d8df8010-334e-4fc6-b969-519394614559:8930,4:d8df8010-334e-4fc6-b969-519394614559:5109,4:d8df8010-334e-4fc6-b969-519394614559:5209,HAS_INFAVOR
5:d8df8010-334e-4fc6-b969-519394614559:8943,4:d8df8010-334e-4fc6-b969-519394614559:5209,4:d8df8010-334e-4fc6-b969-519394614559:3270,MENTION
5:d8df8010-334e-4fc6-b969-519394614559:8811,4:d8df8010-334e-4fc6-b969-519394614559:5097,4:d8df8010-334e-4fc6-b969-519394614559:5109,HAS_POSITION
5:d8df8010-334e-4fc6-b969-519394614559:8930,4:d8df8010-334e-4fc6-b969-519394614559:5109,4:d8df8010-334e-4fc6-b969-519394614559:5209,HAS_INFAVOR
5:d8df8010-334e-4fc6-b969-519394614559:8945,4:d8df8010-334e-4fc6-b969-519394614559:5209,4:d8df8010-334e-4fc6-b969-519394614559:5215,MENTION
5:d8df8010-334e-4fc6-b969-519394614559:8811,4:d8df8010-334e-4fc6-b969-519394614559:5097,4:d8df8010-334e-4fc6-b969-519394614559:5109,HAS_POSITION
5:d8df8010-334e-4fc6-b969-519394614559:8930,4:d8df8010-334e-4fc6-b969-519394614559:5109,4:d8df8010-334e-4fc6-b969-519394614559:5209,HAS_INFAVOR
5:d8df8010-334e-4fc6-b969-519394614559:8947,4:d8df8010-334e-4fc6-b969-519394614559:5209,4:d8df8010-334e-4fc6-b969-519394614559:5216,MENTION
5:d8df8010-334e-4fc6-b969-519394614559:8811,4:d8df8010-334e-4fc6-b969-519394614559:5097,4:d8df8010-334e-4fc6-b969-519394614559:5109,HAS_POSITION
5:d8df8010-334e-4fc6-b969-519394614559:8950,4:d8df8010-334e-4fc6-b969-519394614559:5109,4:d8df8010-334e-4fc6-b969-519394614559:5217,HAS_INFAVOR
5:d8df8010-334e-4fc6-b969-519394614559:8811,4:d8df8010-334e-4fc6-b969-519394614559:5097,4:d8df8010-334e-4fc6-b969-519394614559:5109,HAS_POSITION
5:d8df8010-334e-4fc6-b969-519394614559:8950,4:d8df8010-334e-4fc6-b969-519394614559:5109,4:d8df8010-334e-4fc6-b969-519394614559:5217,HAS_INFAVOR
5:d8df8010-334e-4fc6-b969-519394614559:8951,4:d8df8010-334e-4fc6-b969-519394614559:5192,4:d8df8010-334e-4fc6-b969-519394614559:5217,HAS_POST
5:d8df8010-334e-4fc6-b969-519394614559:8811,4:d8df8010-334e-4fc6-b969-519394614559:5097,4:d8df8010-334e-4fc6-b969-519394614559:5109,HAS_POSITION
5:d8df8010-334e-4fc6-b969-519394614559:8950,4:d8df8010-334e-4fc6-b969-519394614559:5109,4:d8df8010-334e-4fc6-b969-519394614559:5217,HAS_INFAVOR
5:d8df8010-334e-4fc6-b969-519394614559:8952,4:d8df8010-334e-4fc6-b969-519394614559:5217,4:d8df8010-334e-4fc6-b969-519394614559:5218,MENTION
5:d8df8010-334e-4fc6-b969-519394614559:8811,4:d8df8010-334e-4fc6-b969-519394614559:5097,4:d8df8010-334e-4fc6-b969-519394614559:5109,HAS_POSITION
5:d8df8010-334e-4fc6-b969-519394614559:8950,4:d8df8010-334e-4fc6-b969-519394614559:5109,4:d8df8010-334e-4fc6-b969-519394614559:5217,HAS_INFAVOR
5:d8df8010-334e-4fc6-b969-519394614559:8956,4:d8df8010-334e-4fc6-b969-519394614559:5217,4:d8df8010-334e-4fc6-b969-519394614559:5220,MENTION
5:d8df8010-334e-4fc6-b969-519394614559:8811,4:d8df8010-334e-4fc6-b969-519394614559:5097,4:d8df8010-334e-4fc6-b969-519394614559:5109,HAS_POSITION
5:d8df8010-334e-4fc6-b969-519394614559:8950,4:d8df8010-334e-4fc6-b969-519394614559:5109,4:d8df8010-334e-4fc6-b969-519394614559:5217,HAS_INFAVOR
5:d8df8010-334e-4fc6-b969-519394614559:8955,4:d8df8010-334e-4fc6-b969-519394614559:5217,4:d8df8010-334e-4fc6-b969-519394614559:5219,MENTION
5:d8df8010-334e-4fc6-b969-519394614559:8811,4:d8df8010-334e-4fc6-b969-519394614559:5097,4:d8df8010-334e-4fc6-b969-519394614559:5109,HAS_POSITION
5:d8df8010-334e-4fc6-b969-519394614559:8950,4:d8df8010-334e-4fc6-b969-519394614559:5109,4:d8df8010-334e-4fc6-b969-519394614559:5217,HAS_INFAVOR
5:d8df8010-334e-4fc6-b969-519394614559:8959,4:d8df8010-334e-4fc6-b969-519394614559:5217,4:d8df8010-334e-4fc6-b969-519394614559:2442,MENTION
5:d8df8010-334e-4fc6-b969-519394614559:8811,4:d8df8010-334e-4fc6-b969-519394614559:5097,4:d8df8010-334e-4fc6-b969-519394614559:5109,HAS_POSITION
5:d8df8010-334e-4fc6-b969-519394614559:8950,4:d8df8010-334e-4fc6-b969-519394614559:5109,4:d8df8010-334e-4fc6-b969-519394614559:5217,HAS_INFAVOR
5:d8df8010-334e-4fc6-b969-519394614559:8958,4:d8df8010-334e-4fc6-b969-519394614559:5217,4:d8df8010-334e-4fc6-b969-519394614559:5221,MENTION
5:d8df8010-334e-4fc6-b969-519394614559:8811,4:d8df8010-334e-4fc6-b969-519394614559:5097,4:d8df8010-334e-4fc6-b969-519394614559:5109,HAS_POSITION
5:d8df8010-334e-4fc6-b969-519394614559:8950,4:d8df8010-334e-4fc6-b969-519394614559:5109,4:d8df8010-334e-4fc6-b969-519394614559:5217,HAS_INFAVOR
5:d8df8010-334e-4fc6-b969-519394614559:8961,4:d8df8010-334e-4fc6-b969-519394614559:5217,4:d8df8010-334e-4fc6-b969-519394614559:5222,MENTION
5:d8df8010-334e-4fc6-b969-519394614559:8811,4:d8df8010-334e-4fc6-b969-519394614559:5097,4:d8df8010-334e-4fc6-b969-519394614559:5109,HAS_POSITION
5:d8df8010-334e-4fc6-b969-519394614559:8950,4:d8df8010-334e-4fc6-b969-519394614559:5109,4:d8df8010-334e-4fc6-b969-519394614559:5217,HAS_INFAVOR
5:d8df8010-334e-4fc6-b969-519394614559:8963,4:d8df8010-334e-4fc6-b969-519394614559:5217,4:d8df8010-334e-4fc6-b969-519394614559:5223,MENTION
5:d8df8010-334e-4fc6-b969-519394614559:8811,4:d8df8010-334e-4fc6-b969-519394614559:5097,4:d8df8010-334e-4fc6-b969-519394614559:5109,HAS_POSITION
5:d8df8010-334e-4fc6-b969-519394614559:8950,4:d8df8010-334e-4fc6-b969-519394614559:5109,4:d8df8010-334e-4fc6-b969-519394614559:5217,HAS_INFAVOR
5:d8df8010-334e-4fc6-b969-519394614559:8965,4:d8df8010-334e-4fc6-b969-519394614559:5217,4:d8df8010-334e-4fc6-b969-519394614559:5224,MENTION
5:d8df8010-334e-4fc6-b969-519394614559:8811,4:d8df8010-334e-4fc6-b969-519394614559:5097,4:d8df8010-334e-4fc6-b969-519394614559:5109,HAS_POSITION
5:d8df8010-334e-4fc6-b969-519394614559:8950,4:d8df8010-334e-4fc6-b969-519394614559:5109,4:d8df8010-334e-4fc6-b969-519394614559:5217,HAS_INFAVOR
5:d8df8010-334e-4fc6-b969-519394614559:8967,4:d8df8010-334e-4fc6-b969-519394614559:5217,4:d8df8010-334e-4fc6-b969-519394614559:5225,MENTION
5:d8df8010-334e-4fc6-b969-519394614559:8811,4:d8df8010-334e-4fc6-b969-519394614559:5097,4:d8df8010-334e-4fc6-b969-519394614559:5109,HAS_POSITION
5:d8df8010-334e-4fc6-b969-519394614559:8950,4:d8df8010-334e-4fc6-b969-519394614559:5109,4:d8df8010-334e-4fc6-b969-519394614559:5217,HAS_INFAVOR
5:d8df8010-334e-4fc6-b969-519394614559:8970,4:d8df8010-334e-4fc6-b969-519394614559:5217,4:d8df8010-334e-4fc6-b969-519394614559:5227,MENTION
5:d8df8010-334e-4fc6-b969-519394614559:8811,4:d8df8010-334e-4fc6-b969-519394614559:5097,4:d8df8010-334e-4fc6-b969-519394614559:5109,HAS_POSITION
5:d8df8010-334e-4fc6-b969-519394614559:8950,4:d8df8010-334e-4fc6-b969-519394614559:5109,4:d8df8010-334e-4fc6-b969-519394614559:5217,HAS_INFAVOR
5:d8df8010-334e-4fc6-b969-519394614559:8969,4:d8df8010-334e-4fc6-b969-519394614559:5217,4:d8df8010-334e-4fc6-b969-519394614559:5226,MENTION
5:d8df8010-334e-4fc6-b969-519394614559:8811,4:d8df8010-334e-4fc6-b969-519394614559:5097,4:d8df8010-334e-4fc6-b969-519394614559:5109,HAS_POSITION
5:d8df8010-334e-4fc6-b969-519394614559:8950,4:d8df8010-334e-4fc6-b969-519394614559:5109,4:d8df8010-334e-4fc6-b969-519394614559:5217,HAS_INFAVOR
5:d8df8010-334e-4fc6-b969-519394614559:8972,4:d8df8010-334e-4fc6-b969-519394614559:5217,4:d8df8010-334e-4fc6-b969-519394614559:5228,MENTION
5:d8df8010-334e-4fc6-b969-519394614559:8812,4:d8df8010-334e-4fc6-b969-519394614559:5097,4:d8df8010-334e-4fc6-b969-519394614559:5110,HAS_POSITION
5:d8df8010-334e-4fc6-b969-519394614559:8813,4:d8df8010-334e-4fc6-b969-519394614559:5097,4:d8df8010-334e-4fc6-b969-519394614559:5111,HAS_POSITION
5:d8df8010-334e-4fc6-b969-519394614559:8813,4:d8df8010-334e-4fc6-b969-519394614559:5097,4:d8df8010-334e-4fc6-b969-519394614559:5111,HAS_POSITION
5:d8df8010-334e-4fc6-b969-519394614559:8974,4:d8df8010-334e-4fc6-b969-519394614559:5111,4:d8df8010-334e-4fc6-b969-519394614559:5229,HAS_INFAVOR
5:d8df8010-334e-4fc6-b969-519394614559:493,4:d8df8010-334e-4fc6-b969-519394614559:5097,4:d8df8010-334e-4fc6-b969-519394614559:250,HAS_POSITION
5:d8df8010-334e-4fc6-b969-519394614559:1312,4:d8df8010-334e-4fc6-b969-519394614559:5097,4:d8df8010-334e-4fc6-b969-519394614559:918,HAS_POSITION
5:d8df8010-334e-4fc6-b969-519394614559:1935,4:d8df8010-334e-4fc6-b969-519394614559:5097,4:d8df8010-334e-4fc6-b969-519394614559:1901,HAS_POSITION
5:d8df8010-334e-4fc6-b969-519394614559:1935,4:d8df8010-334e-4fc6-b969-519394614559:5097,4:d8df8010-334e-4fc6-b969-519394614559:1901,HAS_POSITION
5:d8df8010-334e-4fc6-b969-519394614559:8975,4:d8df8010-334e-4fc6-b969-519394614559:1901,4:d8df8010-334e-4fc6-b969-519394614559:5230,HAS_INFAVOR
5:d8df8010-334e-4fc6-b969-519394614559:1935,4:d8df8010-334e-4fc6-b969-519394614559:5097,4:d8df8010-334e-4fc6-b969-519394614559:1901,HAS_POSITION
5:d8df8010-334e-4fc6-b969-519394614559:8975,4:d8df8010-334e-4fc6-b969-519394614559:1901,4:d8df8010-334e-4fc6-b969-519394614559:5230,HAS_INFAVOR
5:d8df8010-334e-4fc6-b969-519394614559:8976,4:d8df8010-334e-4fc6-b969-519394614559:5231,4:d8df8010-334e-4fc6-b969-519394614559:5230,HAS_POST
5:d8df8010-334e-4fc6-b969-519394614559:1935,4:d8df8010-334e-4fc6-b969-519394614559:5097,4:d8df8010-334e-4fc6-b969-519394614559:1901,HAS_POSITION
5:d8df8010-334e-4fc6-b969-519394614559:8975,4:d8df8010-334e-4fc6-b969-519394614559:1901,4:d8df8010-334e-4fc6-b969-519394614559:5230,HAS_INFAVOR
5:d8df8010-334e-4fc6-b969-519394614559:8981,4:d8df8010-334e-4fc6-b969-519394614559:5230,4:d8df8010-334e-4fc6-b969-519394614559:5235,MENTION
5:d8df8010-334e-4fc6-b969-519394614559:1935,4:d8df8010-334e-4fc6-b969-519394614559:5097,4:d8df8010-334e-4fc6-b969-519394614559:1901,HAS_POSITION
5:d8df8010-334e-4fc6-b969-519394614559:8975,4:d8df8010-334e-4fc6-b969-519394614559:1901,4:d8df8010-334e-4fc6-b969-519394614559:5230,HAS_INFAVOR
5:d8df8010-334e-4fc6-b969-519394614559:8980,4:d8df8010-334e-4fc6-b969-519394614559:5230,4:d8df8010-334e-4fc6-b969-519394614559:5234,MENTION
5:d8df8010-334e-4fc6-b969-519394614559:1935,4:d8df8010-334e-4fc6-b969-519394614559:5097,4:d8df8010-334e-4fc6-b969-519394614559:1901,HAS_POSITION
5:d8df8010-334e-4fc6-b969-519394614559:8975,4:d8df8010-334e-4fc6-b969-519394614559:1901,4:d8df8010-334e-4fc6-b969-519394614559:5230,HAS_INFAVOR
5:d8df8010-334e-4fc6-b969-519394614559:8983,4:d8df8010-334e-4fc6-b969-519394614559:5230,4:d8df8010-334e-4fc6-b969-519394614559:2093,MENTION
5:d8df8010-334e-4fc6-b969-519394614559:1935,4:d8df8010-334e-4fc6-b969-519394614559:5097,4:d8df8010-334e-4fc6-b969-519394614559:1901,HAS_POSITION
5:d8df8010-334e-4fc6-b969-519394614559:8975,4:d8df8010-334e-4fc6-b969-519394614559:1901,4:d8df8010-334e-4fc6-b969-519394614559:5230,HAS_INFAVOR
5:d8df8010-334e-4fc6-b969-519394614559:8985,4:d8df8010-334e-4fc6-b969-519394614559:5230,4:d8df8010-334e-4fc6-b969-519394614559:5236,MENTION
5:d8df8010-334e-4fc6-b969-519394614559:3087,4:d8df8010-334e-4fc6-b969-519394614559:5097,4:d8df8010-334e-4fc6-b969-519394614559:2289,HAS_POSITION
5:d8df8010-334e-4fc6-b969-519394614559:3776,4:d8df8010-334e-4fc6-b969-519394614559:5097,4:d8df8010-334e-4fc6-b969-519394614559:2623,HAS_POSITION
5:d8df8010-334e-4fc6-b969-519394614559:4043,4:d8df8010-334e-4fc6-b969-519394614559:5097,4:d8df8010-334e-4fc6-b969-519394614559:3047,HAS_POSITION
5:d8df8010-334e-4fc6-b969-519394614559:4170,4:d8df8010-334e-4fc6-b969-519394614559:5097,4:d8df8010-334e-4fc6-b969-519394614559:5067,HAS_POSITION
5:d8df8010-334e-4fc6-b969-519394614559:4323,4:d8df8010-334e-4fc6-b969-519394614559:5097,4:d8df8010-334e-4fc6-b969-519394614559:5068,HAS_POSITION
5:d8df8010-334e-4fc6-b969-519394614559:5423,4:d8df8010-334e-4fc6-b969-519394614559:5097,4:d8df8010-334e-4fc6-b969-519394614559:5069,HAS_POSITION
5:d8df8010-334e-4fc6-b969-519394614559:5423,4:d8df8010-334e-4fc6-b969-519394614559:5097,4:d8df8010-334e-4fc6-b969-519394614559:5069,HAS_POSITION
5:d8df8010-334e-4fc6-b969-519394614559:8987,4:d8df8010-334e-4fc6-b969-519394614559:5069,4:d8df8010-334e-4fc6-b969-519394614559:5237,HAS_INFAVOR
5:d8df8010-334e-4fc6-b969-519394614559:5423,4:d8df8010-334e-4fc6-b969-519394614559:5097,4:d8df8010-334e-4fc6-b969-519394614559:5069,HAS_POSITION
5:d8df8010-334e-4fc6-b969-519394614559:8987,4:d8df8010-334e-4fc6-b969-519394614559:5069,4:d8df8010-334e-4fc6-b969-519394614559:5237,HAS_INFAVOR
5:d8df8010-334e-4fc6-b969-519394614559:8988,4:d8df8010-334e-4fc6-b969-519394614559:5238,4:d8df8010-334e-4fc6-b969-519394614559:5237,HAS_POST
5:d8df8010-334e-4fc6-b969-519394614559:5423,4:d8df8010-334e-4fc6-b969-519394614559:5097,4:d8df8010-334e-4fc6-b969-519394614559:5069,HAS_POSITION
5:d8df8010-334e-4fc6-b969-519394614559:8987,4:d8df8010-334e-4fc6-b969-519394614559:5069,4:d8df8010-334e-4fc6-b969-519394614559:5237,HAS_INFAVOR
5:d8df8010-334e-4fc6-b969-519394614559:8991,4:d8df8010-334e-4fc6-b969-519394614559:5237,4:d8df8010-334e-4fc6-b969-519394614559:5239,MENTION
5:d8df8010-334e-4fc6-b969-519394614559:5423,4:d8df8010-334e-4fc6-b969-519394614559:5097,4:d8df8010-334e-4fc6-b969-519394614559:5069,HAS_POSITION
5:d8df8010-334e-4fc6-b969-519394614559:8987,4:d8df8010-334e-4fc6-b969-519394614559:5069,4:d8df8010-334e-4fc6-b969-519394614559:5237,HAS_INFAVOR
5:d8df8010-334e-4fc6-b969-519394614559:8992,4:d8df8010-334e-4fc6-b969-519394614559:5237,4:d8df8010-334e-4fc6-b969-519394614559:5048,MENTION
5:d8df8010-334e-4fc6-b969-519394614559:5796,4:d8df8010-334e-4fc6-b969-519394614559:5097,4:d8df8010-334e-4fc6-b969-519394614559:5070,HAS_POSITION
5:d8df8010-334e-4fc6-b969-519394614559:6059,4:d8df8010-334e-4fc6-b969-519394614559:5097,4:d8df8010-334e-4fc6-b969-519394614559:5071,HAS_POSITION
5:d8df8010-334e-4fc6-b969-519394614559:6231,4:d8df8010-334e-4fc6-b969-519394614559:5097,4:d8df8010-334e-4fc6-b969-519394614559:5072,HAS_POSITION